Workbook

Sheet Instructions
A1: PVWood ERP v3 — BOMs
A3: ★ = required. Fill master data first (items / glue recipes must already exist).
A4: ONE ROW PER SKU. The row defines the product (sku_name, pieces_per_unit, dims) AND
A5: its recipe. Fill each component's code + qty; leave a cell blank if unused (e.g. no
A6: back veneer). Glue can differ face vs back (face_glue_code / back_glue_code).
A7: Coating (face/back _coating_code + g/M2) = a primer (door skins) OR a UV topcoat
A8: (panels). Fill only the side(s) that get coated — e.g. a door skin = base board +
A9: face_coating_code + packing; a UV-topcoat panel = its normal rows + a coating.
A10: Transform_PVS / Transform_PSP: recipe lines (kind = INPUT/OUTPUT/STEP), one row each.
A11: All *_code / *_sku cells reference codes you defined in the master-data workbook.

Sheet Assembly_BOM
A1: ★ product_sku | B1: sku_name | C1: pieces_per_unit | D1: thickness_mm | E1: width_mm | F1: length_mm | G1: base_board_code | H1: base_board_qty | I1: face_veneer_code | J1: face_veneer_qty | K1: face_glue_code | L1: face_glue_qty | M1: back_veneer_code | N1: back_veneer_qty | O1: back_glue_code | P1: back_glue_qty | Q1: face_coating_code | R1: Face_Coating_g/M2 | S1: back_coating_code | T1: Back_Coating_g/M2 | U1: packing_sku_code | V1: Notes
A2: 4ALMX5CC1 | B2: MDF/15.7*48.5*96.5 ALDER ALDER/ PC PC/ PM PM/ C C/ 0.5 0.5 | C2: 62 | D2: 15.7 | E2: 48.5 | F2: 96.5 | G2: BMCNX503 | H2: 62 | I2: XALPPC01 | J2: 62 | K2: Glue 09 | L2: 363.36997 | M2: XALPPC01 | N2: 62 | O2: Glue 09 | P2: 363.36997 | U2: PKG-CARTON | V2: 48
A3: 4ALMX5AC1 | B3: MDF/15.7*48.5*96.5 ALDER ALDER/ PC PC/ BM PM/ A C/ 0.5 0.5 | C3: 62 | D3: 15.7 | E3: 48.5 | F3: 96.5 | G3: BMCNX503 | H3: 62 | I3: XALPBA01 | J3: 62 | K3: Glue 09 | L3: 363.36997 | M3: XALPPC01 | N3: 62 | O3: Glue 09 | P3: 363.36997 | V3: 48
A4: 4ALBX9B21 | B4: PB/19*49*97 ALDER ALDER/ PC PC/ BM MPF/ B #2/ 0.5 0.5 | C4: 50 | D4: 19 | E4: 49 | F4: 97 | G4: BPCNX805 | H4: 50 | I4: XALPBB03 | J4: 50 | K4: Glue 09 | L4: 361.17656 | M4: XALPM201 | N4: 50 | O4: Glue 09 | P4: 361.17656 | V4: 48
A5: 4ALM52A11 | B5: MDF/5.2*48.5*96.5 ALDER ALDER/ PC PC/ BM MPF/ A #1/ 0.5 0.5 | C5: 160 | D5: 5.2 | E5: 48.5 | F5: 96.5 | G5: BMCN4206 | H5: 160 | I5: XALPBB03 | J5: 160 | K5: Glue 09 | L5: 363.36997 | M5: XALPM101 | N5: 150 | O5: Glue 09 | P5: 363.36997 | V5: 48
A6: 4ALM52A12 | B6: MDF/5.2*48.5*96.5 ALDER ALDER/ PC PC/ PM MPF/ A #1/ 0.5 0.5 | C6: 160 | D6: 5.2 | E6: 48.5 | F6: 96.5 | G6: BMCN4206 | H6: 160 | I6: XALPPA01 | J6: 160 | K6: Glue 09 | L6: 363.36997 | M6: XALPM101 | N6: 150 | O6: Glue 09 | P6: 363.36997 | V6: 48
A7: 4ALM52A21 | B7: MDF/5.2*48.5*96.5 ALDER ALDER/ PC PC/ PM MPF/ A #2/ 0.5 0.5 | C7: 160 | D7: 5.2 | E7: 48.5 | F7: 96.5 | G7: BMCN4206 | H7: 160 | I7: XALPPA01 | J7: 160 | K7: Glue 09 | L7: 363.36997 | M7: XALPM201 | N7: 160 | O7: Glue 09 | P7: 363.36997 | V7: 48
A8: 4ALM52AB1 | B8: MDF/5.2*48.5*96.5 ALDER ALDER/ PC PC/ BM BM/ A B/ 0.5 0.5 | C8: 150 | D8: 5.2 | E8: 48.5 | F8: 96.5 | G8: BMCN4206 | H8: 150 | I8: XALPBB03 | J8: 150 | K8: Glue 09 | L8: 363.36997 | M8: XALPBB01 | N8: 160 | O8: Glue 09 | P8: 363.36997 | V8: 48
A9: 4ALM52AB2 | B9: MDF/5.2*48.5*96.5 ALDER ALDER/ PC PC/ PM PM/ A B/ 0.5 0.5 | C9: 160 | D9: 5.2 | E9: 48.5 | F9: 96.5 | G9: BMCN4206 | H9: 160 | I9: XALPPA01 | J9: 160 | K9: Glue 09 | L9: 363.36997 | M9: XALPPB01 | N9: 160 | O9: Glue 09 | P9: 363.36997 | V9: 48
A10: 4ALM52AB3 | B10: MDF/5.2*48.5*96.5 ALDER ALDER/ PC PC/ BM PM/ A B/ 0.5 0.5 | C10: 160 | D10: 5.2 | E10: 48.5 | F10: 96.5 | G10: BMCN4206 | H10: 160 | I10: XALPBB03 | J10: 160 | K10: Glue 09 | L10: 363.36997 | M10: XALPPB01 | N10: 160 | O10: Glue 09 | P10: 363.36997 | V10: 48
A11: 4ALM52AB4 | B11: MDF/5.2*48.5*96.5 ALDER ALDER/ PC PC/ PM Horizontal PM Horizontal/ A B/ 0.5 0.5 | C11: 160 | D11: 5.2 | E11: 48.5 | F11: 96.5 | G11: BMCN4206 | H11: 160 | I11: XALPPA04 | J11: 160 | K11: Glue 09 | L11: 363.36997 | M11: XALPPB04 | N11: 160 | O11: Glue 09 | P11: 363.36997 | V11: 48
A12: 4ALM52B11 | B12: MDF/5.2*48.5*96.5 ALDER ALDER/ PC PC/ BM MPF/ B #1/ 0.5 0.5 | C12: 160 | D12: 5.2 | E12: 48.5 | F12: 96.5 | G12: BMCN4206 | H12: 160 | I12: XALPBB03 | J12: 160 | K12: Glue 09 | L12: 363.36997 | M12: XALPM101 | N12: 160 | O12: Glue 09 | P12: 363.36997 | V12: 48
A13: 4ALM52B12 | B13: MDF/5.2*48.5*96.5 ALDER ALDER/ PC PC/ PM MPF/ B #1/ 0.5 0.5 | C13: 160 | D13: 5.2 | E13: 48.5 | F13: 96.5 | G13: BMCN4206 | H13: 160 | I13: XALPPB03 | J13: 160 | K13: Glue 09 | L13: 363.36997 | M13: XALPM101 | N13: 160 | O13: Glue 09 | P13: 363.36997 | V13: 48
A14: 4ALM52B13 | B14: MDF/5.2*48.5*72.5 ALDER ALDER/ PC PC/ SM SM/ B #1/ 0.5 0.5 | C14: 160 | D14: 5.2 | E14: 48.5 | F14: 72.5 | G14: CB-BMCZ0405 | H14: 160 | I14: XALPSB01 | J14: 160 | K14: Glue 09 | L14: 277.1341 | M14: XALPM101 | N14: 160 | O14: Glue 09 | P14: 277.1341 | V14: 48
... A239: 4ROPX8B26 | B239: Platform TW/18*48.5*96.5 R.OAK R.OAK/ PC PC/ BM MPF/ B #2/ 0.5 0.5 | C239: 50 | D239: 18 | E239: 48.5 | F239: 96.5 | G239: BFCC1702 | H239: 50 | I239: XROPBB01 | J239: 50 | K239: Glue 09 | L239: 363.36997 | M239: XROPZF11 | N239: 180 | O239: Glue 02 | P239: 330.33634 | V239: 48
A240: 3CHP36KA1 | B240: MDF 2.7*36.5*84.5 CHERRY A PC BM Thick | C240: 240 | D240: 2.7 | E240: 36.5 | F240: 84.5 | G240: BMCN2508 | H240: 240 | I240: XCHPBA04 | J240: 240 | K240: Glue 09 | L240: 230.08355 | V240: 37
A241: 3CHP36KA2 | B241: MDF 2.7*36.5*96.5 CHERRY A PC BM Thick | C241: 240 | D241: 2.7 | E241: 36.5 | F241: 96.5 | G241: BMCN2510 | H241: 240 | I241: XCHPBA05 | J241: 240 | K241: Glue 09 | L241: 263.01392 | V241: 37
A242: 3CHP36KA3 | B242: MDF 2.7*36.5*108.5 CHERRY A PC BM Thick | C242: 240 | D242: 2.7 | E242: 36.5 | F242: 108.5 | G242: BMCN2513 | H242: 240 | I242: XCHPBA51 | J242: 240 | K242: Glue 09 | L242: 295.51524 | V242: 37
A243: 3CHP48KA1 | B243: MDF 2.7*48.5*96.5 CHERRY A PC BMPairMat.CenterBalanced Thick | C243: 240 | D243: 2.7 | E243: 48.5 | F243: 96.5 | G243: BMCN2511 | H243: 240 | I243: XCHPBA07 | J243: 240 | K243: Glue 09 | L243: 349.55033 | V243: 37
A244: 3CHP48KA2 | B244: MDF 2.7*48.5*96.5 CHERRY A PC BM Thick | C244: 240 | D244: 2.7 | E244: 48.5 | F244: 96.5 | G244: BMCN2511 | H244: 240 | I244: XCHPBA03 | J244: 240 | K244: Glue 09 | L244: 349.55033 | V244: 37
A245: 3ENR24NF1 | B245: MDF 2.7*24.5*80.5 EngineeredHardwood FD RC WPF Thin | C245: 240 | D245: 2.7 | E245: 24.5 | F245: 80.5 | G245: BMCN2501 | H245: 240 | I245: XENRWF81 | J245: 240 | K245: Glue 07 | L245: 126.23995 | V245: 37
A246: 3ENR28NF1 | B246: MDF 2.7*28.5*80.5 EngineeredHardwood FD RC WPF Thin | C246: 240 | D246: 2.7 | E246: 28.5 | F246: 80.5 | G246: BMCN2502 | H246: 240 | I246: XENRWF82 | J246: 240 | K246: Glue 07 | L246: 147.41568 | V246: 37
A247: 3ENR30NF1 | B247: MDF 2.7*30.5*80.5 EngineeredHardwood FD RC WPF Thin | C247: 240 | D247: 2.7 | E247: 30.5 | F247: 80.5 | G247: BMCN2503 | H247: 240 | I247: XENRWF83 | J247: 240 | K247: Glue 07 | L247: 157.79994 | V247: 37
A248: 3ENR32NF1 | B248: MDF 2.7*32.5*80.5 EngineeredHardwood FD RC WPF Thin | C248: 240 | D248: 2.7 | E248: 32.5 | F248: 80.5 | G248: BMCN2504 | H248: 240 | I248: XENRWF84 | J248: 240 | K248: Glue 07 | L248: 168.18419 | V248: 37
A249: 3ENR36NF1 | B249: MDF 2.7*36.5*80.5 EngineeredHardwood FD RC WPF Thin | C249: 240 | D249: 2.7 | E249: 36.5 | F249: 80.5 | G249: BMCN2509 | H249: 240 | I249: XENRWF85 | J249: 240 | K249: Glue 07 | L249: 188.74908 | V249: 37
A250: 3ENR36NF2 | B250: MDF 2.7*36.5*84.5 EngineeredHardwood FD RC WPF Thin | C250: 240 | D250: 2.7 | E250: 36.5 | F250: 84.5 | G250: BMCN2508 | H250: 240 | I250: XENRWF06 | J250: 240 | K250: Glue 07 | L250: 197.97887 | V250: 37
A251: 3ENR36NF3 | B251: MDF 2.7*36.5*96.5 EngineeredHardwood FD RC WPF Thin | C251: 240 | D251: 2.7 | E251: 36.5 | F251: 96.5 | G251: BMCN2510 | H251: 240 | I251: XENRWF86 | J251: 240 | K251: Glue 07 | L251: 226.31431 | V251: 37
... A371: 3WAP48KA2 | B371: MDF 2.7*48.5*108.5 WALNUT A PC BM Thick | C371: 240 | D371: 2.7 | E371: 48.5 | F371: 108.5 | G371: BMCN2512 | H371: 240 | I371: XWAPBA10 | J371: 240 | K371: Glue 09 | L371: 392.74517 | V371: 37
A372: MMBE5001 | B372: MDF 5*48*96 BEECH PC BM 0.15 | C372: 210 | D372: 5 | E372: 48 | F372: 96 | G372: BF2N4001 | H372: 210 | I372: XBEPZB01 | J372: 756 | K372: Glue 02 | L372: 240.31506 | V372: ME
A373: MMRO5001 | B373: MDF 5*48*96 R.OAK PC BM 0.2 | C373: 210 | D373: 5 | E373: 48 | F373: 96 | G373: BF2N4001 | H373: 210 | I373: XROPZF11 | J373: 756 | K373: Glue 02 | L373: 296.38858 | V373: ME
A374: MMRO5002 | B374: MDF 5*48*96 R.OAK PC SM 0.2 | C374: 210 | D374: 5 | E374: 48 | F374: 96 | G374: BF2N4001 | H374: 210 | I374: XROPZF11 | J374: 756 | K374: Glue 02 | L374: 296.38858 | V374: ME
A375: MMSA5001 | B375: MDF 5*48*96 SAPELE QC BM 0.13 | C375: 210 | D375: 5 | E375: 48 | F375: 96 | G375: BF2N4001 | H375: 210 | I375: XSAQZF01 | J375: 756 | K375: Glue 07 | L375: 240.31506 | V375: ME
A376: MMTE5001 | B376: MDF 5*48*96 TEAK QC Z 0.2 | C376: 210 | D376: 5 | E376: 48 | F376: 96 | G376: BF2N4001 | H376: 210 | I376: XTEQZF02 | J376: 756 | K376: Glue 05 | L376: 296.38858 | V376: ME
A377: MMWA5001 | B377: MDF 5*48*96 WALNUT PC BM 0.15 | C377: 210 | D377: 5 | E377: 48 | F377: 96 | G377: BF2N4001 | H377: 210 | I377: XWAPZF01 | J377: 756 | K377: Glue 05 | L377: 240.31506 | V377: ME
A378: UPM302603 | B378: MDF 3mm*730*2050 CARB P2 UV prime | C378: 220 | D378: =VLOOKUP(A378,'UV-CODE'!A:J,4,FALSE) -> 3 | E378: =VLOOKUP(A378,'UV-CODE'!A:J,7,FALSE) -> 730 | F378: =VLOOKUP(A378,'UV-CODE'!A:J,8,FALSE) -> 2050 | G378: BMCZ0281 | H378: =C378 -> 220 | Q378: 01-MAT-PUV-004 | R378: 25.39991 | S378: 010-MAT-PUV-002 | T378: 32.940897 | V378: UV
A379: UPM303604 | B379: MDF 3mm*780*2050 CARB P2 UV prime | C379: 220 | D379: =VLOOKUP(A379,'UV-CODE'!A:J,4,FALSE) -> 3 | E379: =VLOOKUP(A379,'UV-CODE'!A:J,7,FALSE) -> 780 | F379: =VLOOKUP(A379,'UV-CODE'!A:J,8,FALSE) -> 2050 | G379: BMCZ0282 | H379: =C379 -> 220 | Q379: 01-MAT-PUV-004 | R379: 24.687611 | S379: 010-MAT-PUV-002 | T379: 52.597211 | V379: UV
A380: UPM303607 | B380: MDF 3mm*830*2050 CARB P2 UV prime | C380: 220 | D380: =VLOOKUP(A380,'UV-CODE'!A:J,4,FALSE) -> 3 | E380: =VLOOKUP(A380,'UV-CODE'!A:J,7,FALSE) -> 830 | F380: =VLOOKUP(A380,'UV-CODE'!A:J,8,FALSE) -> 2050 | G380: BMCZ0283 | H380: =C380 -> 220 | Q380: 01-MAT-PUV-004 | R380: 19.525505 | S380: 010-MAT-PUV-002 | T380: 43.073252 | V380: UV
A381: SPM303703 | B381: MDF 3mm*36.5*80.5 CARB P2 Standard Primed | C381: 240 | D381: =VLOOKUP(A381,'UV-CODE'!A:J,4,FALSE) -> 3 | E381: =VLOOKUP(A381,'UV-CODE'!A:K,5,FALSE) -> 36.5 | F381: =VLOOKUP(A381,'UV-CODE'!A:K,6,FALSE) -> 80.5 | G381: BMCZ029J | H381: =C381 -> 240 | Q381: 01-MAT-PUV-004 | R381: 41.21 | S381: 010-MAT-PUV-002 | T381: - | V381: UV
A382: SPM303702 | B382: MDF 3mm*32.5*80.5 CARB P2 Standard Primed | C382: 240 | D382: =VLOOKUP(A382,'UV-CODE'!A:J,4,FALSE) -> 3 | E382: =VLOOKUP(A382,'UV-CODE'!A:K,5,FALSE) -> 32.5 | F382: =VLOOKUP(A382,'UV-CODE'!A:K,6,FALSE) -> 80.5 | G382: BMCZ029D | H382: =C382 -> 240 | Q382: 01-MAT-PUV-004 | R382: 41.31 | S382: 010-MAT-PUV-002 | T382: - | V382: UV
A383: SPM303701 | B383: MDF 3mm*30.5*80.5 CARB P2 Standard Primed | C383: 240 | D383: =VLOOKUP(A383,'UV-CODE'!A:J,4,FALSE) -> 3 | E383: =VLOOKUP(A383,'UV-CODE'!A:K,5,FALSE) -> 30.5 | F383: =VLOOKUP(A383,'UV-CODE'!A:K,6,FALSE) -> 80.5 | G383: BMCZ029B | H383: =C383 -> 240 | Q383: 01-MAT-PUV-004 | R383: 40.15 | S383: 010-MAT-PUV-002 | T383: - | V383: UV
A384: SPM302701 | B384: MDF 3mm*24.5*80.5 CARB P2 Standard Primed | C384: 240 | D384: =VLOOKUP(A384,'UV-CODE'!A:J,4,FALSE) -> 3 | E384: =VLOOKUP(A384,'UV-CODE'!A:K,5,FALSE) -> 24.5 | F384: =VLOOKUP(A384,'UV-CODE'!A:K,6,FALSE) -> 80.5 | G384: BMCZ0297 | H384: =C384 -> 240 | Q384: 01-MAT-PUV-004 | R384: 41.56 | S384: 010-MAT-PUV-002 | T384: - | V384: UV
A385: SPM303801 | B385: MDF 3mm*36.5*96.5 CARB P2 Standard Primed | C385: 240 | D385: =VLOOKUP(A385,'UV-CODE'!A:J,4,FALSE) -> 3 | E385: =VLOOKUP(A385,'UV-CODE'!A:K,5,FALSE) -> 36.5 | F385: =VLOOKUP(A385,'UV-CODE'!A:K,6,FALSE) -> 96.5 | G385: BMCZ0292 | H385: =C385 -> 240 | Q385: 01-MAT-PUV-004 | R385: 44.81 | S385: 010-MAT-PUV-002 | T385: - | V385: UV
A386: SPM302702 | B386: MDF 3mm*28.5*80.5 CARB P2 Standard Primed | C386: 240 | D386: =VLOOKUP(A386,'UV-CODE'!A:J,4,FALSE) -> 3 | E386: =VLOOKUP(A386,'UV-CODE'!A:K,5,FALSE) -> 28.5 | F386: =VLOOKUP(A386,'UV-CODE'!A:K,6,FALSE) -> 80.5 | G386: BMCZ0298 | H386: =C386 -> 240 | Q386: 01-MAT-PUV-004 | R386: 20.09 | S386: 010-MAT-PUV-002 | T386: - | V386: UV
A387: SPM303704 | B387: MDF 3mm*36.5*84.5 CARB P2 Standard Primed | C387: 240 | D387: =VLOOKUP(A387,'UV-CODE'!A:J,4,FALSE) -> 3 | E387: =VLOOKUP(A387,'UV-CODE'!A:K,5,FALSE) -> 36.5 | F387: =VLOOKUP(A387,'UV-CODE'!A:K,6,FALSE) -> 84.5 | G387: BMCZ0285 | H387: =C387 -> 240 | Q387: 01-MAT-PUV-004 | R387: 43.43 | S387: 010-MAT-PUV-002 | T387: - | V387: UV

Sheet Transform_PVS
A1: ★ recipe_code | B1: ★ name | C1: ★ kind | D1: seq | E1: item_code | F1: role | G1: qty | H1: uom | I1: grade | J1: Thickness_mm | K1: Length_mm | L1: FSC | M1: expected_yield_pct | N1: expected_loss_pct | O1: notes
A2: PVS-LRO4S | B2: Red Oak Log Slicing A | C2: INPUT | D2: 1 | E2: LRO4S | F2: log | H2: m3 | I2: A | J2: - | K2: - | L2: - | M2: 46 | N2: 54 | O2: Actual input and output quantities will be recorded after production.
A3: PVS-LRO4S | B3: Red Oak Log Slicing A | C3: OUTPUT | D3: 2 | E3: XROPZ101 | F3: veneer | H3: m2 | I3: 1# | J3: 0.3 | K3: 2700 | L3: -
A4: PVS-LRO4S | B4: Red Oak Log Slicing A | C4: OUTPUT | D4: 2 | E4: XROPZ102 | F4: veneer | H4: m2 | I4: 1# | J4: 0.2 | K4: 2700 | L4: -
A5: PVS-LRO4S | B5: Red Oak Log Slicing A | C5: OUTPUT | D5: 2 | E5: XROPZ103 | F5: veneer | H5: m2 | I5: 1# | J5: 0.35 | K5: 2700 | L5: -
A6: PVS-LRO4S | B6: Red Oak Log Slicing A | C6: OUTPUT | D6: 2 | E6: XROPZ203 | F6: veneer | H6: m2 | I6: 2# | J6: 0.2 | K6: 2700 | L6: -
A7: PVS-LRO4S | B7: Red Oak Log Slicing A | C7: OUTPUT | D7: 2 | E7: XROPZ204 | F7: veneer | H7: m2 | I7: 2# | J7: 0.2 | K7: 2700 | L7: -
A8: PVS-LRO4S | B8: Red Oak Log Slicing A | C8: OUTPUT | D8: 2 | E8: XROPZ405 | F8: veneer | H8: m2 | I8: 4# | J8: 0.2 | K8: 2700 | L8: -
A9: PVS-LRO4S | B9: Red Oak Log Slicing A | C9: OUTPUT | D9: 2 | E9: XROPZF02 | F9: veneer | H9: m2 | I9: FD | J9: 0.2 | K9: 2200 | L9: -
A10: PVS-LRO3S | B10: Red Oak Log Slicing B | C10: INPUT | D10: 1 | E10: LRO3S | F10: log | H10: m3 | I10: B | J10: - | K10: - | L10: - | M10: 46 | N10: 54
A11: PVS-LRO3S | B11: Red Oak Log Slicing B | C11: OUTPUT | D11: 2 | E11: XROPZ101 | F11: veneer | H11: m2 | I11: 1# | J11: 0.3 | K11: 2700 | L11: -
A12: PVS-LRO3S | B12: Red Oak Log Slicing B | C12: OUTPUT | D12: 2 | E12: XROPZ102 | F12: veneer | H12: m2 | I12: 1# | J12: 0.2 | K12: 2700 | L12: -
A13: PVS-LRO3S | B13: Red Oak Log Slicing B | C13: OUTPUT | D13: 2 | E13: XROPZ103 | F13: veneer | H13: m2 | I13: 1# | J13: 0.35 | K13: 2700 | L13: -
A14: PVS-LRO3S | B14: Red Oak Log Slicing B | C14: OUTPUT | D14: 2 | E14: XROPZ203 | F14: veneer | H14: m2 | I14: 2# | J14: 0.2 | K14: 2700 | L14: -
A15: PVS-LRO3S | B15: Red Oak Log Slicing B | C15: OUTPUT | D15: 2 | E15: XROPZ204 | F15: veneer | H15: m2 | I15: 2# | J15: 0.2 | K15: 2700 | L15: -
A16: PVS-LRO3S | B16: Red Oak Log Slicing B | C16: OUTPUT | D16: 2 | E16: XROPZ405 | F16: veneer | H16: m2 | I16: 4# | J16: 0.2 | K16: 2700 | L16: -
A17: PVS-LRO3S | B17: Red Oak Log Slicing B | C17: OUTPUT | D17: 2 | E17: XROPZF02 | F17: veneer | H17: m2 | I17: FD | J17: 0.2 | K17: 2200 | L17: -
A18: PVS-LRO4F | B18: Red Oak Log Slicing A FSC | C18: INPUT | D18: 1 | E18: LRO4F | F18: log | H18: m3 | I18: A | J18: - | K18: - | L18: FSC CW | M18: 46 | N18: 54
A19: PVS-LRO4F | B19: Red Oak Log Slicing A FSC | C19: OUTPUT | D19: 2 | E19: XROPZ204 | F19: veneer | H19: m2 | I19: 2# | J19: 0.2 | K19: 2700 | L19: FSC CW
A20: PVS-LRO4F | B20: Red Oak Log Slicing A FSC | C20: OUTPUT | D20: 2 | E20: XROPZ405 | F20: veneer | H20: m2 | I20: 4# | J20: 0.2 | K20: 2700 | L20: FSC CW
A21: PVS-LRO4F | B21: Red Oak Log Slicing A FSC | C21: OUTPUT | D21: 2 | E21: XROPZF04 | F21: veneer | H21: m2 | I21: FD | J21: 0.2 | K21: 2700 | L21: FSC CW
A22: PVS-LRO4F | B22: Red Oak Log Slicing A FSC | C22: OUTPUT | D22: 2 | E22: XROPZF05 | F22: veneer | H22: m2 | I22: FD | J22: 0.2 | K22: 2200 | L22: FSC CW

Sheet Transform_PSP
A1: ★ recipe_code | B1: ★ name | C1: ★ kind | D1: seq | E1: item_code | F1: role | G1: qty | H1: uom | I1: grade | J1: cut | K1: mat | L1: Thickness_mm | M1: width_mm | N1: length_mm | O1: expected_yield_pct | P1: expected_loss_pct | Q1: notes
A2: PSP-YWOFA801 | B2: YWOFA801 Splicing | C2: INPUT | D2: 1 | E2: YWOFA801 | F2: veneer | H2: m2 | I2: PAA | J2: =VLOOKUP(E2,'M2'!A:K,7,FALSE) -> RIFT | K2: =VLOOKUP(E2,'M2'!A:K,9,FALSE) -> Z | L2: =VLOOKUP(E2,'M2'!A:K,3,FALSE) -> 0.5 | M2: =VLOOKUP(E2,'M2'!A:K,4,FALSE) -> NON | N2: =VLOOKUP(E2,'M2'!A:K,5,FALSE) -> 2500 | O2: 60 | P2: 40 | Q2: Actual input and output quantities will be recorded after production.
A3: PSP-YWOFA801 | B3: YWOFA801 Splicing | C3: OUTPUT | D3: 2 | E3: XWOFZW01 | F3: veneer | H3: pcs. | I3: WF | J3: =VLOOKUP(E3,V!A:K,7,FALSE) -> RIFT | K3: =VLOOKUP(E3,V!A:K,9,FALSE) -> Z | L3: =VLOOKUP(E3,V!A:K,3,FALSE) -> 0.5 | M3: =VLOOKUP(E3,V!A:K,4,FALSE) -> 1265 | N3: =VLOOKUP(E3,V!A:K,5,FALSE) -> 2520
A4: PSP-YWOFA801 | B4: YWOFA801 Splicing | C4: OUTPUT | D4: 2 | E4: XWOFZW02 | F4: veneer | H4: pcs. | I4: WF | J4: =VLOOKUP(E4,V!A:K,7,FALSE) -> RIFT | K4: =VLOOKUP(E4,V!A:K,9,FALSE) -> Z | L4: =VLOOKUP(E4,V!A:K,3,FALSE) -> 0.5 | M4: =VLOOKUP(E4,V!A:K,4,FALSE) -> 1265 | N4: =VLOOKUP(E4,V!A:K,5,FALSE) -> 3100
A5: PSP-YWOFA801 | B5: YWOFA801 Splicing | C5: OUTPUT | D5: 2 | E5: XWOFZW06 | F5: veneer | H5: pcs. | I5: WF | J5: =VLOOKUP(E5,V!A:K,7,FALSE) -> RIFT | K5: =VLOOKUP(E5,V!A:K,9,FALSE) -> Z | L5: =VLOOKUP(E5,V!A:K,3,FALSE) -> 0.5 | M5: =VLOOKUP(E5,V!A:K,4,FALSE) -> 965 | N5: =VLOOKUP(E5,V!A:K,5,FALSE) -> 2250
A6: PSP-YWOFB801 | B6: YWOFB801 Splicing | C6: INPUT | D6: 1 | E6: YWOFB801 | F6: veneer | H6: m2 | I6: PB | J6: =VLOOKUP(E6,'M2'!A:K,7,FALSE) -> RIFT | K6: =VLOOKUP(E6,'M2'!A:K,9,FALSE) -> Z | L6: =VLOOKUP(E6,'M2'!A:K,3,FALSE) -> 0.5 | M6: =VLOOKUP(E6,'M2'!A:K,4,FALSE) -> NON | N6: =VLOOKUP(E6,'M2'!A:K,5,FALSE) -> 2500 | O6: 60 | P6: 40
A7: PSP-YWOFB801 | B7: YWOFB801 Splicing | C7: OUTPUT | D7: 2 | E7: XWOPZW02 | F7: veneer | H7: pcs. | I7: WF | J7: =VLOOKUP(E7,V!A:K,7,FALSE) -> PC | K7: =VLOOKUP(E7,V!A:K,9,FALSE) -> Z | L7: =VLOOKUP(E7,V!A:K,3,FALSE) -> 0.5 | M7: =VLOOKUP(E7,V!A:K,4,FALSE) -> 1265 | N7: =VLOOKUP(E7,V!A:K,5,FALSE) -> 3100
A8: PSP-YWOFB801 | B8: YWOFB801 Splicing | C8: OUTPUT | D8: 3 | E8: XWOFZW02 | F8: veneer | H8: pcs. | I8: WF | J8: =VLOOKUP(E8,V!A:K,7,FALSE) -> RIFT | K8: =VLOOKUP(E8,V!A:K,9,FALSE) -> Z | L8: =VLOOKUP(E8,V!A:K,3,FALSE) -> 0.5 | M8: =VLOOKUP(E8,V!A:K,4,FALSE) -> 1265 | N8: =VLOOKUP(E8,V!A:K,5,FALSE) -> 3100
A9: PSP-YWOFB801 | B9: YWOFB801 Splicing | C9: OUTPUT | D9: 4 | E9: XWOFZW01 | F9: veneer | H9: pcs. | I9: WF | J9: =VLOOKUP(E9,V!A:K,7,FALSE) -> RIFT | K9: =VLOOKUP(E9,V!A:K,9,FALSE) -> Z | L9: =VLOOKUP(E9,V!A:K,3,FALSE) -> 0.5 | M9: =VLOOKUP(E9,V!A:K,4,FALSE) -> 1265 | N9: =VLOOKUP(E9,V!A:K,5,FALSE) -> 2520
A10: PSP-YWOFB802 | B10: YWOFB802 Splicing | C10: INPUT | D10: 1 | E10: YWOFB802 | F10: veneer | H10: m2 | I10: PB | J10: =VLOOKUP(E10,'M2'!A:K,7,FALSE) -> RIFT | K10: =VLOOKUP(E10,'M2'!A:K,9,FALSE) -> Z | L10: =VLOOKUP(E10,'M2'!A:K,3,FALSE) -> 0.4 | M10: =VLOOKUP(E10,'M2'!A:K,4,FALSE) -> NON | N10: =VLOOKUP(E10,'M2'!A:K,5,FALSE) -> 2500 | O10: 60 | P10: 40
A11: PSP-YWOFB802 | B11: YWOFB802 Splicing | C11: OUTPUT | D11: 2 | E11: XWOFZW05 | F11: veneer | H11: pcs. | I11: WF | J11: =VLOOKUP(E11,V!A:K,7,FALSE) -> RIFT | K11: =VLOOKUP(E11,V!A:K,9,FALSE) -> Z | L11: =VLOOKUP(E11,V!A:K,3,FALSE) -> 0.4 | M11: =VLOOKUP(E11,V!A:K,4,FALSE) -> 965 | N11: =VLOOKUP(E11,V!A:K,5,FALSE) -> 2250
A12: PSP-YWOFB802 | B12: YWOFB802 Splicing | C12: OUTPUT | D12: 3 | E12: XWOFZW03 | F12: veneer | H12: pcs. | I12: WF | J12: =VLOOKUP(E12,V!A:K,7,FALSE) -> RIFT | K12: =VLOOKUP(E12,V!A:K,9,FALSE) -> Z | L12: =VLOOKUP(E12,V!A:K,3,FALSE) -> 0.4 | M12: =VLOOKUP(E12,V!A:K,4,FALSE) -> 1265 | N12: =VLOOKUP(E12,V!A:K,5,FALSE) -> 2520
A13: PSP-YWOFB802 | B13: YWOFB802 Splicing | C13: OUTPUT | D13: 4 | E13: XWOFZW04 | F13: veneer | H13: pcs. | I13: WF | J13: =VLOOKUP(E13,V!A:K,7,FALSE) -> RIFT | K13: =VLOOKUP(E13,V!A:K,9,FALSE) -> Z | L13: =VLOOKUP(E13,V!A:K,3,FALSE) -> 0.4 | M13: =VLOOKUP(E13,V!A:K,4,FALSE) -> 1265 | N13: =VLOOKUP(E13,V!A:K,5,FALSE) -> 3100
A14: PSP-YWOFB802 | B14: YWOFB802 Splicing | C14: OUTPUT | D14: 5 | E14: XWOPZW04 | F14: veneer | H14: pcs. | I14: WF | J14: =VLOOKUP(E14,V!A:K,7,FALSE) -> PC | K14: =VLOOKUP(E14,V!A:K,9,FALSE) -> Z | L14: =VLOOKUP(E14,V!A:K,3,FALSE) -> 0.4 | M14: =VLOOKUP(E14,V!A:K,4,FALSE) -> 1265 | N14: =VLOOKUP(E14,V!A:K,5,FALSE) -> 2520
A15: PSP-YWOFB802 | B15: YWOFB802 Splicing | C15: OUTPUT | D15: 6 | E15: XWOFZW08 | F15: veneer | H15: pcs. | I15: WF | J15: =VLOOKUP(E15,V!A:K,7,FALSE) -> RIFT | K15: =VLOOKUP(E15,V!A:K,9,FALSE) -> Z | L15: =VLOOKUP(E15,V!A:K,3,FALSE) -> 0.4 | M15: =VLOOKUP(E15,V!A:K,4,FALSE) -> 965 | N15: =VLOOKUP(E15,V!A:K,5,FALSE) -> 2520
A16: PSP-YWOFB802 | B16: YWOFB802 Splicing | C16: OUTPUT | D16: 7 | E16: XWOPZW09 | F16: veneer | H16: pcs. | I16: WF | J16: =VLOOKUP(E16,V!A:K,7,FALSE) -> PC | K16: =VLOOKUP(E16,V!A:K,9,FALSE) -> Z | L16: =VLOOKUP(E16,V!A:K,3,FALSE) -> 0.4 | M16: =VLOOKUP(E16,V!A:K,4,FALSE) -> 965 | N16: =VLOOKUP(E16,V!A:K,5,FALSE) -> 2520
A17: PSP-YWOFB802 | B17: YWOFB802 Splicing | C17: OUTPUT | D17: 8 | E17: XWOFZW01 | F17: veneer | H17: pcs. | I17: WF | J17: =VLOOKUP(E17,V!A:K,7,FALSE) -> RIFT | K17: =VLOOKUP(E17,V!A:K,9,FALSE) -> Z | L17: =VLOOKUP(E17,V!A:K,3,FALSE) -> 0.5 | M17: =VLOOKUP(E17,V!A:K,4,FALSE) -> 1265 | N17: =VLOOKUP(E17,V!A:K,5,FALSE) -> 2520
A18: PSP-YWOFA802 | B18: YWOFA802 Splicing | C18: INPUT | D18: 1 | E18: YWOFA802 | F18: veneer | H18: m2 | I18: PAA | J18: =VLOOKUP(E18,'M2'!A:K,7,FALSE) -> RIFT | K18: =VLOOKUP(E18,'M2'!A:K,9,FALSE) -> Z | L18: =VLOOKUP(E18,'M2'!A:K,3,FALSE) -> 0.4 | M18: =VLOOKUP(E18,'M2'!A:K,4,FALSE) -> NON | N18: =VLOOKUP(E18,'M2'!A:K,5,FALSE) -> 2500 | O18: 60 | P18: 40
A19: PSP-YWOFA802 | B19: YWOFA802 Splicing | C19: OUTPUT | D19: 2 | E19: XWOFZW04 | F19: veneer | H19: pcs. | I19: WF | J19: =VLOOKUP(E19,V!A:K,7,FALSE) -> RIFT | K19: =VLOOKUP(E19,V!A:K,9,FALSE) -> Z | L19: =VLOOKUP(E19,V!A:K,3,FALSE) -> 0.4 | M19: =VLOOKUP(E19,V!A:K,4,FALSE) -> 1265 | N19: =VLOOKUP(E19,V!A:K,5,FALSE) -> 3100
A20: PSP-YWOFA802 | B20: YWOFA802 Splicing | C20: OUTPUT | D20: 3 | E20: XWOFZW03 | F20: veneer | H20: pcs. | I20: WF | J20: =VLOOKUP(E20,V!A:K,7,FALSE) -> RIFT | K20: =VLOOKUP(E20,V!A:K,9,FALSE) -> Z | L20: =VLOOKUP(E20,V!A:K,3,FALSE) -> 0.4 | M20: =VLOOKUP(E20,V!A:K,4,FALSE) -> 1265 | N20: =VLOOKUP(E20,V!A:K,5,FALSE) -> 2520
A21: PSP-YWOFA802 | B21: YWOFA802 Splicing | C21: OUTPUT | D21: 2 | E21: XWOPZW04 | F21: veneer | H21: pcs. | I21: WF | J21: =VLOOKUP(E21,V!A:K,7,FALSE) -> PC | K21: =VLOOKUP(E21,V!A:K,9,FALSE) -> Z | L21: =VLOOKUP(E21,V!A:K,3,FALSE) -> 0.4 | M21: =VLOOKUP(E21,V!A:K,4,FALSE) -> 1265 | N21: =VLOOKUP(E21,V!A:K,5,FALSE) -> 2520
A22: PSP-YWOFA802 | B22: YWOFA802 Splicing | C22: OUTPUT | D22: 4 | E22: XWOFZW05 | F22: veneer | H22: pcs. | I22: WF | J22: =VLOOKUP(E22,V!A:K,7,FALSE) -> RIFT | K22: =VLOOKUP(E22,V!A:K,9,FALSE) -> Z | L22: =VLOOKUP(E22,V!A:K,3,FALSE) -> 0.4 | M22: =VLOOKUP(E22,V!A:K,4,FALSE) -> 965 | N22: =VLOOKUP(E22,V!A:K,5,FALSE) -> 2250
A23: PSP-YWOFA802 | B23: YWOFA802 Splicing | C23: OUTPUT | D23: 5 | E23: XWOFZW08 | F23: veneer | H23: pcs. | I23: WF | J23: =VLOOKUP(E23,V!A:K,7,FALSE) -> RIFT | K23: =VLOOKUP(E23,V!A:K,9,FALSE) -> Z | L23: =VLOOKUP(E23,V!A:K,3,FALSE) -> 0.4 | M23: =VLOOKUP(E23,V!A:K,4,FALSE) -> 965 | N23: =VLOOKUP(E23,V!A:K,5,FALSE) -> 2520
A24: PSP-YWOFA802 | B24: YWOFA802 Splicing | C24: OUTPUT | D24: 3 | E24: XWOFZW01 | F24: veneer | H24: pcs. | I24: WF | J24: =VLOOKUP(E24,V!A:K,7,FALSE) -> RIFT | K24: =VLOOKUP(E24,V!A:K,9,FALSE) -> Z | L24: =VLOOKUP(E24,V!A:K,3,FALSE) -> 0.5 | M24: =VLOOKUP(E24,V!A:K,4,FALSE) -> 1265 | N24: =VLOOKUP(E24,V!A:K,5,FALSE) -> 2520
A25: PSP-YWOFA802 | B25: YWOFA802 Splicing | C25: OUTPUT | D25: 6 | E25: XWOFZW09 | F25: veneer | H25: pcs. | I25: WF | J25: =VLOOKUP(E25,V!A:K,7,FALSE) -> RIFT | K25: =VLOOKUP(E25,V!A:K,9,FALSE) -> Z | L25: =VLOOKUP(E25,V!A:K,3,FALSE) -> 0.4 | M25: =VLOOKUP(E25,V!A:K,4,FALSE) -> 965 | N25: =VLOOKUP(E25,V!A:K,5,FALSE) -> 2800
A26: PSP-YWOPA801 | B26: YWOPA801 Splicing | C26: INPUT | D26: 1 | E26: YWOPA801 | F26: veneer | H26: m2 | I26: PA | J26: =VLOOKUP(E26,'M2'!A:K,7,FALSE) -> PC | K26: =VLOOKUP(E26,'M2'!A:K,9,FALSE) -> Z | L26: =VLOOKUP(E26,'M2'!A:K,3,FALSE) -> 0.4 | M26: =VLOOKUP(E26,'M2'!A:K,4,FALSE) -> NON | N26: =VLOOKUP(E26,'M2'!A:K,5,FALSE) -> 2500 | O26: 60 | P26: 40
A27: PSP-YWOPA801 | B27: YWOPA801 Splicing | C27: OUTPUT | D27: 2 | E27: XWOPZW03 | F27: veneer | H27: pcs. | I27: WF | J27: =VLOOKUP(E27,V!A:K,7,FALSE) -> PC | K27: =VLOOKUP(E27,V!A:K,9,FALSE) -> Z | L27: =VLOOKUP(E27,V!A:K,3,FALSE) -> 0.4 | M27: =VLOOKUP(E27,V!A:K,4,FALSE) -> 1265 | N27: =VLOOKUP(E27,V!A:K,5,FALSE) -> 3100
A28: PSP-YWOPA801 | B28: YWOPA801 Splicing | C28: OUTPUT | D28: 2 | E28: XWOFZW04 | F28: veneer | H28: pcs. | I28: WF | J28: =VLOOKUP(E28,V!A:K,7,FALSE) -> RIFT | K28: =VLOOKUP(E28,V!A:K,9,FALSE) -> Z | L28: =VLOOKUP(E28,V!A:K,3,FALSE) -> 0.4 | M28: =VLOOKUP(E28,V!A:K,4,FALSE) -> 1265 | N28: =VLOOKUP(E28,V!A:K,5,FALSE) -> 3100
A29: PSP-YWOPA801 | B29: YWOPA801 Splicing | C29: OUTPUT | D29: 3 | E29: XWOFZW03 | F29: veneer | H29: pcs. | I29: WF | J29: =VLOOKUP(E29,V!A:K,7,FALSE) -> RIFT | K29: =VLOOKUP(E29,V!A:K,9,FALSE) -> Z | L29: =VLOOKUP(E29,V!A:K,3,FALSE) -> 0.4 | M29: =VLOOKUP(E29,V!A:K,4,FALSE) -> 1265 | N29: =VLOOKUP(E29,V!A:K,5,FALSE) -> 2520
A30: PSP-YWOPA801 | B30: YWOPA801 Splicing | C30: OUTPUT | D30: 3 | E30: XWOPZW09 | F30: veneer | H30: pcs. | I30: WF | J30: =VLOOKUP(E30,V!A:K,7,FALSE) -> PC | K30: =VLOOKUP(E30,V!A:K,9,FALSE) -> Z | L30: =VLOOKUP(E30,V!A:K,3,FALSE) -> 0.4 | M30: =VLOOKUP(E30,V!A:K,4,FALSE) -> 965 | N30: =VLOOKUP(E30,V!A:K,5,FALSE) -> 2520
A31: PSP-YWOPA801 | B31: YWOPA801 Splicing | C31: OUTPUT | D31: 4 | E31: XWOPZW04 | F31: veneer | H31: pcs. | I31: WF | J31: =VLOOKUP(E31,V!A:K,7,FALSE) -> PC | K31: =VLOOKUP(E31,V!A:K,9,FALSE) -> Z | L31: =VLOOKUP(E31,V!A:K,3,FALSE) -> 0.4 | M31: =VLOOKUP(E31,V!A:K,4,FALSE) -> 1265 | N31: =VLOOKUP(E31,V!A:K,5,FALSE) -> 2520
A32: PSP-YWOPA801 | B32: YWOPA801 Splicing | C32: OUTPUT | D32: 4 | E32: XWOPZW01 | F32: veneer | H32: pcs. | I32: WF | J32: =VLOOKUP(E32,V!A:K,7,FALSE) -> PC | K32: =VLOOKUP(E32,V!A:K,9,FALSE) -> Z | L32: =VLOOKUP(E32,V!A:K,3,FALSE) -> 0.5 | M32: =VLOOKUP(E32,V!A:K,4,FALSE) -> 1265 | N32: =VLOOKUP(E32,V!A:K,5,FALSE) -> 2520
A33: PSP-XWOFZA09 | B33: XWOFZA09 Splicing | C33: INPUT | D33: 1 | E33: XWOFZA09 | F33: veneer | H33: m2 | I33: AB | J33: =VLOOKUP(E33,'M2'!A:K,7,FALSE) -> RIFT | K33: =VLOOKUP(E33,'M2'!A:K,9,FALSE) -> Z | L33: =VLOOKUP(E33,'M2'!A:K,3,FALSE) -> 0.4 | M33: =VLOOKUP(E33,'M2'!A:K,4,FALSE) -> NON | N33: =VLOOKUP(E33,'M2'!A:K,5,FALSE) -> 2500+ | O33: 60 | P33: 40
A34: PSP-XWOFZA09 | B34: XWOFZA09 Splicing | C34: OUTPUT | D34: 2 | E34: XWOFZW03 | F34: veneer | H34: pcs. | I34: WF | J34: =VLOOKUP(E34,V!A:K,7,FALSE) -> RIFT | K34: =VLOOKUP(E34,V!A:K,9,FALSE) -> Z | L34: =VLOOKUP(E34,V!A:K,3,FALSE) -> 0.4 | M34: =VLOOKUP(E34,V!A:K,4,FALSE) -> 1265 | N34: =VLOOKUP(E34,V!A:K,5,FALSE) -> 2520
A35: PSP-XWOFZA09 | B35: XWOFZA09 Splicing | C35: OUTPUT | D35: 3 | E35: XWOFZW04 | F35: veneer | H35: pcs. | I35: WF | J35: =VLOOKUP(E35,V!A:K,7,FALSE) -> RIFT | K35: =VLOOKUP(E35,V!A:K,9,FALSE) -> Z | L35: =VLOOKUP(E35,V!A:K,3,FALSE) -> 0.4 | M35: =VLOOKUP(E35,V!A:K,4,FALSE) -> 1265 | N35: =VLOOKUP(E35,V!A:K,5,FALSE) -> 3100
A36: PSP-XWOFZA09 | B36: XWOFZA09 Splicing | C36: OUTPUT | D36: 4 | E36: XWOFZW05 | F36: veneer | H36: pcs. | I36: WF | J36: =VLOOKUP(E36,V!A:K,7,FALSE) -> RIFT | K36: =VLOOKUP(E36,V!A:K,9,FALSE) -> Z | L36: =VLOOKUP(E36,V!A:K,3,FALSE) -> 0.4 | M36: =VLOOKUP(E36,V!A:K,4,FALSE) -> 965 | N36: =VLOOKUP(E36,V!A:K,5,FALSE) -> 2250
A37: PSP-XWOFZA09 | B37: XWOFZA09 Splicing | C37: OUTPUT | D37: 5 | E37: XWOFZW08 | F37: veneer | H37: pcs. | I37: WF | J37: =VLOOKUP(E37,V!A:K,7,FALSE) -> RIFT | K37: =VLOOKUP(E37,V!A:K,9,FALSE) -> Z | L37: =VLOOKUP(E37,V!A:K,3,FALSE) -> 0.4 | M37: =VLOOKUP(E37,V!A:K,4,FALSE) -> 965 | N37: =VLOOKUP(E37,V!A:K,5,FALSE) -> 2520
A38: PSP-XWOFZA09 | B38: XWOFZA09 Splicing | C38: OUTPUT | D38: 6 | E38: XWOFZW09 | F38: veneer | H38: pcs. | I38: WF | J38: =VLOOKUP(E38,V!A:K,7,FALSE) -> RIFT | K38: =VLOOKUP(E38,V!A:K,9,FALSE) -> Z | L38: =VLOOKUP(E38,V!A:K,3,FALSE) -> 0.4 | M38: =VLOOKUP(E38,V!A:K,4,FALSE) -> 965 | N38: =VLOOKUP(E38,V!A:K,5,FALSE) -> 2800
A39: PSP-XWOPZA06 | B39: XWOPZA06 Splicing | C39: INPUT | D39: 1 | E39: XWOPZA06 | F39: veneer | H39: m2 | I39: A | J39: =VLOOKUP(E39,'M2'!A:K,7,FALSE) -> PC | K39: =VLOOKUP(E39,'M2'!A:K,9,FALSE) -> Z | L39: =VLOOKUP(E39,'M2'!A:K,3,FALSE) -> 0.4 | M39: =VLOOKUP(E39,'M2'!A:K,4,FALSE) -> NON | N39: =VLOOKUP(E39,'M2'!A:K,5,FALSE) -> 2500+ | O39: 60 | P39: 40
A40: PSP-XWOPZA06 | B40: XWOPZA06 Splicing | C40: OUTPUT | D40: 2 | E40: XWOPZW08 | F40: veneer | H40: pcs. | I40: WF | J40: =VLOOKUP(E40,V!A:K,7,FALSE) -> PC | K40: =VLOOKUP(E40,V!A:K,9,FALSE) -> Z | L40: =VLOOKUP(E40,V!A:K,3,FALSE) -> 0.4 | M40: =VLOOKUP(E40,V!A:K,4,FALSE) -> 965 | N40: =VLOOKUP(E40,V!A:K,5,FALSE) -> 2250
A41: PSP-XWOPZA06 | B41: XWOPZA06 Splicing | C41: OUTPUT | D41: 3 | E41: XWOPZW03 | F41: veneer | H41: pcs. | I41: WF | J41: =VLOOKUP(E41,V!A:K,7,FALSE) -> PC | K41: =VLOOKUP(E41,V!A:K,9,FALSE) -> Z | L41: =VLOOKUP(E41,V!A:K,3,FALSE) -> 0.4 | M41: =VLOOKUP(E41,V!A:K,4,FALSE) -> 1265 | N41: =VLOOKUP(E41,V!A:K,5,FALSE) -> 3100
A42: PSP-XWOPZA06 | B42: XWOPZA06 Splicing | C42: OUTPUT | D42: 4 | E42: XWOPZW04 | F42: veneer | H42: pcs. | I42: WF | J42: =VLOOKUP(E42,V!A:K,7,FALSE) -> PC | K42: =VLOOKUP(E42,V!A:K,9,FALSE) -> Z | L42: =VLOOKUP(E42,V!A:K,3,FALSE) -> 0.4 | M42: =VLOOKUP(E42,V!A:K,4,FALSE) -> 1265 | N42: =VLOOKUP(E42,V!A:K,5,FALSE) -> 2520
A43: PSP-XWOPZA06 | B43: XWOPZA06 Splicing | C43: OUTPUT | D43: 5 | E43: XWOPZW09 | F43: veneer | H43: pcs. | I43: WF | J43: =VLOOKUP(E43,V!A:K,7,FALSE) -> PC | K43: =VLOOKUP(E43,V!A:K,9,FALSE) -> Z | L43: =VLOOKUP(E43,V!A:K,3,FALSE) -> 0.4 | M43: =VLOOKUP(E43,V!A:K,4,FALSE) -> 965 | N43: =VLOOKUP(E43,V!A:K,5,FALSE) -> 2520
A44: PSP-XWOPZA06 | B44: XWOPZA06 Splicing | C44: OUTPUT | D44: 6 | E44: XWOPZW11 | F44: veneer | H44: pcs. | I44: WF | J44: =VLOOKUP(E44,V!A:K,7,FALSE) -> PC | K44: =VLOOKUP(E44,V!A:K,9,FALSE) -> Z | L44: =VLOOKUP(E44,V!A:K,3,FALSE) -> 0.4 | M44: =VLOOKUP(E44,V!A:K,4,FALSE) -> 965 | N44: =VLOOKUP(E44,V!A:K,5,FALSE) -> 2800
A45: PSP-XWOPZB05 | B45: XWOPZB05 Splicing | C45: INPUT | D45: 1 | E45: XWOPZB05 | F45: veneer | H45: m2 | I45: B | J45: =VLOOKUP(E45,'M2'!A:K,7,FALSE) -> PC | K45: =VLOOKUP(E45,'M2'!A:K,9,FALSE) -> Z | L45: =VLOOKUP(E45,'M2'!A:K,3,FALSE) -> 0.4 | M45: =VLOOKUP(E45,'M2'!A:K,4,FALSE) -> NON | N45: =VLOOKUP(E45,'M2'!A:K,5,FALSE) -> 2500+ | O45: 60 | P45: 40
A46: PSP-XWOPZB05 | B46: XWOPZB05 Splicing | C46: OUTPUT | D46: 2 | E46: XWOPZW08 | F46: veneer | H46: pcs. | I46: WF | J46: =VLOOKUP(E46,V!A:K,7,FALSE) -> PC | K46: =VLOOKUP(E46,V!A:K,9,FALSE) -> Z | L46: =VLOOKUP(E46,V!A:K,3,FALSE) -> 0.4 | M46: =VLOOKUP(E46,V!A:K,4,FALSE) -> 965 | N46: =VLOOKUP(E46,V!A:K,5,FALSE) -> 2250
A47: PSP-XWOPZB05 | B47: XWOPZB05 Splicing | C47: OUTPUT | D47: 3 | E47: XWOPZW03 | F47: veneer | H47: pcs. | I47: WF | J47: =VLOOKUP(E47,V!A:K,7,FALSE) -> PC | K47: =VLOOKUP(E47,V!A:K,9,FALSE) -> Z | L47: =VLOOKUP(E47,V!A:K,3,FALSE) -> 0.4 | M47: =VLOOKUP(E47,V!A:K,4,FALSE) -> 1265 | N47: =VLOOKUP(E47,V!A:K,5,FALSE) -> 3100
A48: PSP-XWOPZB05 | B48: XWOPZB05 Splicing | C48: OUTPUT | D48: 4 | E48: XWOPZW04 | F48: veneer | H48: pcs. | I48: WF | J48: =VLOOKUP(E48,V!A:K,7,FALSE) -> PC | K48: =VLOOKUP(E48,V!A:K,9,FALSE) -> Z | L48: =VLOOKUP(E48,V!A:K,3,FALSE) -> 0.4 | M48: =VLOOKUP(E48,V!A:K,4,FALSE) -> 1265 | N48: =VLOOKUP(E48,V!A:K,5,FALSE) -> 2520
A49: PSP-XWOPZB05 | B49: XWOPZB05 Splicing | C49: OUTPUT | D49: 5 | E49: XWOPZW09 | F49: veneer | H49: pcs. | I49: WF | J49: =VLOOKUP(E49,V!A:K,7,FALSE) -> PC | K49: =VLOOKUP(E49,V!A:K,9,FALSE) -> Z | L49: =VLOOKUP(E49,V!A:K,3,FALSE) -> 0.4 | M49: =VLOOKUP(E49,V!A:K,4,FALSE) -> 965 | N49: =VLOOKUP(E49,V!A:K,5,FALSE) -> 2520
A50: PSP-XWOPZB05 | B50: XWOPZB05 Splicing | C50: OUTPUT | D50: 6 | E50: XWOPZW11 | F50: veneer | H50: pcs. | I50: WF | J50: =VLOOKUP(E50,V!A:K,7,FALSE) -> PC | K50: =VLOOKUP(E50,V!A:K,9,FALSE) -> Z | L50: =VLOOKUP(E50,V!A:K,3,FALSE) -> 0.4 | M50: =VLOOKUP(E50,V!A:K,4,FALSE) -> 965 | N50: =VLOOKUP(E50,V!A:K,5,FALSE) -> 2800
A51: GRA-XWOFZW01 | B51: =RIGHT(A51,8)&" "&"Grading" -> XWOFZW01 Grading | C51: INPUT | D51: 1 | E51: =RIGHT(A51,8) -> XWOFZW01 | F51: veneer | H51: pcs. | I51: WF | J51: =VLOOKUP(E51,V!A:K,7,FALSE) -> RIFT | K51: =VLOOKUP(E51,V!A:K,9,FALSE) -> Z | L51: =VLOOKUP(E51,V!A:K,3,FALSE) -> 0.5 | M51: =VLOOKUP(E51,V!A:K,4,FALSE) -> 1265 | N51: =VLOOKUP(E51,V!A:K,5,FALSE) -> 2520 | O51: 100 | P51: 0
A52: GRA-XWOFZW01 | B52: =RIGHT(A52,8)&" "&"Grading" -> XWOFZW01 Grading | C52: OUTPUT | D52: 2 | E52: XWOFSA17 | F52: veneer | H52: pcs. | I52: =VLOOKUP(E52,V!A:I,8,FALSE) -> A+ | J52: =VLOOKUP(E52,V!A:K,7,FALSE) -> RIFT | K52: =VLOOKUP(E52,V!A:K,9,FALSE) -> SM | L52: =VLOOKUP(E52,V!A:K,3,FALSE) -> 0.5 | M52: =VLOOKUP(E52,V!A:K,4,FALSE) -> 1265 | N52: =VLOOKUP(E52,V!A:K,5,FALSE) -> 2520
A53: GRA-XWOFZW01 | B53: =RIGHT(A53,8)&" "&"Grading" -> XWOFZW01 Grading | C53: OUTPUT | D53: 3 | E53: XWOFSA01 | F53: veneer | H53: pcs. | I53: =VLOOKUP(E53,V!A:I,8,FALSE) -> A | J53: =VLOOKUP(E53,V!A:K,7,FALSE) -> RIFT | K53: =VLOOKUP(E53,V!A:K,9,FALSE) -> SM | L53: =VLOOKUP(E53,V!A:K,3,FALSE) -> 0.5 | M53: =VLOOKUP(E53,V!A:K,4,FALSE) -> 1265 | N53: =VLOOKUP(E53,V!A:K,5,FALSE) -> 2520
A54: GRA-XWOFZW01 | B54: =RIGHT(A54,8)&" "&"Grading" -> XWOFZW01 Grading | C54: OUTPUT | D54: 4 | E54: XWOFSC01 | F54: veneer | H54: pcs. | I54: =VLOOKUP(E54,V!A:I,8,FALSE) -> C | J54: =VLOOKUP(E54,V!A:K,7,FALSE) -> RIFT | K54: =VLOOKUP(E54,V!A:K,9,FALSE) -> SM | L54: =VLOOKUP(E54,V!A:K,3,FALSE) -> 0.5 | M54: =VLOOKUP(E54,V!A:K,4,FALSE) -> 1265 | N54: =VLOOKUP(E54,V!A:K,5,FALSE) -> 2520
A55: GRA-XWOFZW01 | B55: =RIGHT(A55,8)&" "&"Grading" -> XWOFZW01 Grading | C55: OUTPUT | D55: 5 | E55: XWOFSB01 | F55: veneer | H55: pcs. | I55: =VLOOKUP(E55,V!A:I,8,FALSE) -> B | J55: =VLOOKUP(E55,V!A:K,7,FALSE) -> RIFT | K55: =VLOOKUP(E55,V!A:K,9,FALSE) -> SM | L55: =VLOOKUP(E55,V!A:K,3,FALSE) -> 0.5 | M55: =VLOOKUP(E55,V!A:K,4,FALSE) -> 1265 | N55: =VLOOKUP(E55,V!A:K,5,FALSE) -> 2520
A56: GRA-XWOFZW01 | B56: =RIGHT(A56,8)&" "&"Grading" -> XWOFZW01 Grading | C56: OUTPUT | D56: 6 | E56: XWOFM206 | F56: veneer | H56: pcs. | I56: =VLOOKUP(E56,V!A:I,8,FALSE) -> #2 | J56: =VLOOKUP(E56,V!A:K,7,FALSE) -> RIFT | K56: =VLOOKUP(E56,V!A:K,9,FALSE) -> MPF | L56: =VLOOKUP(E56,V!A:K,3,FALSE) -> 0.5 | M56: =VLOOKUP(E56,V!A:K,4,FALSE) -> 1265 | N56: =VLOOKUP(E56,V!A:K,5,FALSE) -> 2520
A57: GRA-XWOFZW01 | B57: =RIGHT(A57,8)&" "&"Grading" -> XWOFZW01 Grading | C57: OUTPUT | D57: 7 | E57: XMOZZ402 | F57: veneer | H57: pcs. | I57: =VLOOKUP(E57,V!A:I,8,FALSE) -> #4 | J57: =VLOOKUP(E57,V!A:K,7,FALSE) -> Z | K57: =VLOOKUP(E57,V!A:K,9,FALSE) -> Z | L57: =VLOOKUP(E57,V!A:K,3,FALSE) -> 0.5 | M57: =VLOOKUP(E57,V!A:K,4,FALSE) -> 1265 | N57: =VLOOKUP(E57,V!A:K,5,FALSE) -> 2520
A58: GRA-XWOFZW01 | B58: =RIGHT(A58,8)&" "&"Grading" -> XWOFZW01 Grading | C58: OUTPUT | D58: 8 | E58: XWOFSA03 | F58: veneer | H58: pcs. | I58: =VLOOKUP(E58,V!A:I,8,FALSE) -> AA | J58: =VLOOKUP(E58,V!A:K,7,FALSE) -> RIFT | K58: =VLOOKUP(E58,V!A:K,9,FALSE) -> SM | L58: =VLOOKUP(E58,V!A:K,3,FALSE) -> 0.5 | M58: =VLOOKUP(E58,V!A:K,4,FALSE) -> 1265 | N58: =VLOOKUP(E58,V!A:K,5,FALSE) -> 2520
A59: GRA-XWOFZW01 | B59: =RIGHT(A59,8)&" "&"Grading" -> XWOFZW01 Grading | C59: OUTPUT | D59: 9 | E59: XWOFM101 | F59: veneer | H59: pcs. | I59: =VLOOKUP(E59,V!A:I,8,FALSE) -> #1 | J59: =VLOOKUP(E59,V!A:K,7,FALSE) -> RIFT | K59: =VLOOKUP(E59,V!A:K,9,FALSE) -> MPF | L59: =VLOOKUP(E59,V!A:K,3,FALSE) -> 0.5 | M59: =VLOOKUP(E59,V!A:K,4,FALSE) -> 1265 | N59: =VLOOKUP(E59,V!A:K,5,FALSE) -> 2520
A60: GRA-XWOFZW01 | B60: =RIGHT(A60,8)&" "&"Grading" -> XWOFZW01 Grading | C60: OUTPUT | D60: 10 | E60: XWOFBA01 | F60: veneer | H60: pcs. | I60: =VLOOKUP(E60,V!A:I,8,FALSE) -> A | J60: =VLOOKUP(E60,V!A:K,7,FALSE) -> RIFT | K60: =VLOOKUP(E60,V!A:K,9,FALSE) -> BM | L60: =VLOOKUP(E60,V!A:K,3,FALSE) -> 0.5 | M60: =VLOOKUP(E60,V!A:K,4,FALSE) -> 1265 | N60: =VLOOKUP(E60,V!A:K,5,FALSE) -> 2520
A61: GRA-XWOFZW01 | B61: =RIGHT(A61,8)&" "&"Grading" -> XWOFZW01 Grading | C61: OUTPUT | D61: 11 | E61: XWOFBB01 | F61: veneer | H61: pcs. | I61: =VLOOKUP(E61,V!A:I,8,FALSE) -> B | J61: =VLOOKUP(E61,V!A:K,7,FALSE) -> RIFT | K61: =VLOOKUP(E61,V!A:K,9,FALSE) -> BM | L61: =VLOOKUP(E61,V!A:K,3,FALSE) -> 0.5 | M61: =VLOOKUP(E61,V!A:K,4,FALSE) -> 1265 | N61: =VLOOKUP(E61,V!A:K,5,FALSE) -> 2520
A62: GRA-XWOFZW02 | B62: =RIGHT(A62,8)&" "&"Grading" -> XWOFZW02 Grading | C62: INPUT | D62: 1 | E62: =RIGHT(A62,8) -> XWOFZW02 | F62: veneer | H62: pcs. | I62: WF | J62: =VLOOKUP(E62,V!A:K,7,FALSE) -> RIFT | K62: =VLOOKUP(E62,V!A:K,9,FALSE) -> Z | L62: =VLOOKUP(E62,V!A:K,3,FALSE) -> 0.5 | M62: =VLOOKUP(E62,V!A:K,4,FALSE) -> 1265 | N62: =VLOOKUP(E62,V!A:K,5,FALSE) -> 3100 | O62: 100 | P62: 0
A63: GRA-XWOFZW02 | B63: =RIGHT(A63,8)&" "&"Grading" -> XWOFZW02 Grading | C63: OUTPUT | D63: 2 | E63: XWOFSA19 | F63: veneer | H63: pcs. | I63: WF | J63: =VLOOKUP(E63,V!A:K,7,FALSE) -> RIFT | K63: =VLOOKUP(E63,V!A:K,9,FALSE) -> SM | L63: =VLOOKUP(E63,V!A:K,3,FALSE) -> 0.5 | M63: =VLOOKUP(E63,V!A:K,4,FALSE) -> 1265 | N63: =VLOOKUP(E63,V!A:K,5,FALSE) -> 3100
A64: GRA-XWOFZW02 | B64: =RIGHT(A64,8)&" "&"Grading" -> XWOFZW02 Grading | C64: OUTPUT | D64: 3 | E64: XWOFSA07 | F64: veneer | H64: pcs. | I64: WF | J64: =VLOOKUP(E64,V!A:K,7,FALSE) -> RIFT | K64: =VLOOKUP(E64,V!A:K,9,FALSE) -> SM | L64: =VLOOKUP(E64,V!A:K,3,FALSE) -> 0.5 | M64: =VLOOKUP(E64,V!A:K,4,FALSE) -> 1265 | N64: =VLOOKUP(E64,V!A:K,5,FALSE) -> 3100
A65: GRA-XWOFZW02 | B65: =RIGHT(A65,8)&" "&"Grading" -> XWOFZW02 Grading | C65: OUTPUT | D65: 4 | E65: XWOFM103 | F65: veneer | H65: pcs. | I65: WF | J65: =VLOOKUP(E65,V!A:K,7,FALSE) -> RIFT | K65: =VLOOKUP(E65,V!A:K,9,FALSE) -> MPF | L65: =VLOOKUP(E65,V!A:K,3,FALSE) -> 0.5 | M65: =VLOOKUP(E65,V!A:K,4,FALSE) -> 1265 | N65: =VLOOKUP(E65,V!A:K,5,FALSE) -> 3300
A66: GRA-XWOFZW02 | B66: =RIGHT(A66,8)&" "&"Grading" -> XWOFZW02 Grading | C66: OUTPUT | D66: 5 | E66: XWOFM206 | F66: veneer | H66: pcs. | I66: WF | J66: =VLOOKUP(E66,V!A:K,7,FALSE) -> RIFT | K66: =VLOOKUP(E66,V!A:K,9,FALSE) -> MPF | L66: =VLOOKUP(E66,V!A:K,3,FALSE) -> 0.5 | M66: =VLOOKUP(E66,V!A:K,4,FALSE) -> 1265 | N66: =VLOOKUP(E66,V!A:K,5,FALSE) -> 2520
A67: GRA-XWOFZW02 | B67: =RIGHT(A67,8)&" "&"Grading" -> XWOFZW02 Grading | C67: OUTPUT | D67: 6 | E67: XWOFSC03 | F67: veneer | H67: pcs. | I67: WF | J67: =VLOOKUP(E67,V!A:K,7,FALSE) -> RIFT | K67: =VLOOKUP(E67,V!A:K,9,FALSE) -> SM | L67: =VLOOKUP(E67,V!A:K,3,FALSE) -> 0.5 | M67: =VLOOKUP(E67,V!A:K,4,FALSE) -> 1265 | N67: =VLOOKUP(E67,V!A:K,5,FALSE) -> 3100
A68: GRA-XWOFZW02 | B68: =RIGHT(A68,8)&" "&"Grading" -> XWOFZW02 Grading | C68: OUTPUT | D68: 7 | E68: XWOFZW01 | F68: veneer | H68: pcs. | I68: WF | J68: =VLOOKUP(E68,V!A:K,7,FALSE) -> RIFT | K68: =VLOOKUP(E68,V!A:K,9,FALSE) -> Z | L68: =VLOOKUP(E68,V!A:K,3,FALSE) -> 0.5 | M68: =VLOOKUP(E68,V!A:K,4,FALSE) -> 1265 | N68: =VLOOKUP(E68,V!A:K,5,FALSE) -> 2520
A69: GRA-XWOFZW02 | B69: =RIGHT(A69,8)&" "&"Grading" -> XWOFZW02 Grading | C69: OUTPUT | D69: 8 | E69: XWOFSA01 | F69: veneer | H69: pcs. | I69: WF | J69: =VLOOKUP(E69,V!A:K,7,FALSE) -> RIFT | K69: =VLOOKUP(E69,V!A:K,9,FALSE) -> SM | L69: =VLOOKUP(E69,V!A:K,3,FALSE) -> 0.5 | M69: =VLOOKUP(E69,V!A:K,4,FALSE) -> 1265 | N69: =VLOOKUP(E69,V!A:K,5,FALSE) -> 2520
A70: GRA-XWOFZW02 | B70: =RIGHT(A70,8)&" "&"Grading" -> XWOFZW02 Grading | C70: OUTPUT | D70: 9 | E70: XWOFSB01 | F70: veneer | H70: pcs. | I70: WF | J70: =VLOOKUP(E70,V!A:K,7,FALSE) -> RIFT | K70: =VLOOKUP(E70,V!A:K,9,FALSE) -> SM | L70: =VLOOKUP(E70,V!A:K,3,FALSE) -> 0.5 | M70: =VLOOKUP(E70,V!A:K,4,FALSE) -> 1265 | N70: =VLOOKUP(E70,V!A:K,5,FALSE) -> 2520
A71: GRA-XWOFZW02 | B71: =RIGHT(A71,8)&" "&"Grading" -> XWOFZW02 Grading | C71: OUTPUT | D71: 10 | E71: XWOFSC01 | F71: veneer | H71: pcs. | I71: WF | J71: =VLOOKUP(E71,V!A:K,7,FALSE) -> RIFT | K71: =VLOOKUP(E71,V!A:K,9,FALSE) -> SM | L71: =VLOOKUP(E71,V!A:K,3,FALSE) -> 0.5 | M71: =VLOOKUP(E71,V!A:K,4,FALSE) -> 1265 | N71: =VLOOKUP(E71,V!A:K,5,FALSE) -> 2520
A72: GRA-XWOFZW02 | B72: =RIGHT(A72,8)&" "&"Grading" -> XWOFZW02 Grading | C72: OUTPUT | D72: 11 | E72: XMOZZ402 | F72: veneer | H72: pcs. | I72: WF | J72: =VLOOKUP(E72,V!A:K,7,FALSE) -> Z | K72: =VLOOKUP(E72,V!A:K,9,FALSE) -> Z | L72: =VLOOKUP(E72,V!A:K,3,FALSE) -> 0.5 | M72: =VLOOKUP(E72,V!A:K,4,FALSE) -> 1265 | N72: =VLOOKUP(E72,V!A:K,5,FALSE) -> 2520
A73: GRA-XWOFZW06 | B73: =RIGHT(A73,8)&" "&"Grading" -> XWOFZW06 Grading | C73: INPUT | D73: 1 | E73: =RIGHT(A73,8) -> XWOFZW06 | F73: veneer | H73: pcs. | I73: WF | J73: =VLOOKUP(E72,V!A:K,7,FALSE) -> Z | K73: =VLOOKUP(E72,V!A:K,9,FALSE) -> Z | L73: =VLOOKUP(E72,V!A:K,3,FALSE) -> 0.5 | M73: =VLOOKUP(E72,V!A:K,4,FALSE) -> 1265 | N73: =VLOOKUP(E72,V!A:K,5,FALSE) -> 2520 | O73: 100 | P73: 0
A74: GRA-XWOFZW06 | B74: =RIGHT(A74,8)&" "&"Grading" -> XWOFZW06 Grading | C74: OUTPUT | D74: 2 | E74: XWOFBA04 | F74: veneer | H74: pcs. | I74: WF | J74: =VLOOKUP(E73,V!A:K,7,FALSE) -> RIFT | K74: =VLOOKUP(E73,V!A:K,9,FALSE) -> Z | L74: =VLOOKUP(E73,V!A:K,3,FALSE) -> 0.5 | M74: =VLOOKUP(E73,V!A:K,4,FALSE) -> 965 | N74: =VLOOKUP(E73,V!A:K,5,FALSE) -> 2250
A75: GRA-XWOPZW02 | B75: =RIGHT(A75,8)&" "&"Grading" -> XWOPZW02 Grading | C75: INPUT | D75: 1 | E75: =RIGHT(A75,8) -> XWOPZW02 | F75: veneer | H75: pcs. | I75: WF | J75: =VLOOKUP(E75,V!A:K,7,FALSE) -> PC | K75: =VLOOKUP(E75,V!A:K,9,FALSE) -> Z | L75: =VLOOKUP(E75,V!A:K,3,FALSE) -> 0.5 | M75: =VLOOKUP(E75,V!A:K,4,FALSE) -> 1265 | N75: =VLOOKUP(E75,V!A:K,5,FALSE) -> 3100 | O75: 100 | P75: 0
A76: GRA-XWOPZW02 | B76: =RIGHT(A76,8)&" "&"Grading" -> XWOPZW02 Grading | C76: OUTPUT | D76: 2 | E76: XWOPPR02 | F76: veneer | H76: pcs. | I76: WF | J76: =VLOOKUP(E76,V!A:K,7,FALSE) -> PC | K76: =VLOOKUP(E76,V!A:K,9,FALSE) -> PM | L76: =VLOOKUP(E76,V!A:K,3,FALSE) -> 0.5 | M76: =VLOOKUP(E76,V!A:K,4,FALSE) -> 1265 | N76: =VLOOKUP(E76,V!A:K,5,FALSE) -> 3300
A77: GRA-XWOFZW05 | B77: =RIGHT(A77,8)&" "&"Grading" -> XWOFZW05 Grading | C77: INPUT | D77: 1 | E77: =RIGHT(A77,8) -> XWOFZW05 | F77: veneer | H77: pcs. | I77: WF | J77: =VLOOKUP(E77,V!A:K,7,FALSE) -> RIFT | K77: =VLOOKUP(E77,V!A:K,9,FALSE) -> Z | L77: =VLOOKUP(E77,V!A:K,3,FALSE) -> 0.4 | M77: =VLOOKUP(E77,V!A:K,4,FALSE) -> 965 | N77: =VLOOKUP(E77,V!A:K,5,FALSE) -> 2250 | O77: 100 | P77: 0
A78: GRA-XWOFZW05 | B78: =RIGHT(A78,8)&" "&"Grading" -> XWOFZW05 Grading | C78: OUTPUT | D78: 2 | E78: XWOFBA16 | F78: veneer | H78: pcs. | I78: WF | J78: =VLOOKUP(E78,V!A:K,7,FALSE) -> RIFT | K78: =VLOOKUP(E78,V!A:K,9,FALSE) -> BM | L78: =VLOOKUP(E78,V!A:K,3,FALSE) -> 0.4 | M78: =VLOOKUP(E78,V!A:K,4,FALSE) -> 965 | N78: =VLOOKUP(E78,V!A:K,5,FALSE) -> 2250
A79: GRA-XWOFZW03 | B79: =RIGHT(A79,8)&" "&"Grading" -> XWOFZW03 Grading | C79: INPUT | D79: 1 | E79: =RIGHT(A79,8) -> XWOFZW03 | F79: veneer | H79: pcs. | I79: WF | J79: =VLOOKUP(E79,V!A:K,7,FALSE) -> RIFT | K79: =VLOOKUP(E79,V!A:K,9,FALSE) -> Z | L79: =VLOOKUP(E79,V!A:K,3,FALSE) -> 0.4 | M79: =VLOOKUP(E79,V!A:K,4,FALSE) -> 1265 | N79: =VLOOKUP(E79,V!A:K,5,FALSE) -> 2520 | O79: 100 | P79: 0
A80: GRA-XWOFZW03 | B80: =RIGHT(A80,8)&" "&"Grading" -> XWOFZW03 Grading | C80: OUTPUT | D80: 3 | E80: XWOFPA01 | F80: veneer | H80: pcs. | I80: WF | J80: =VLOOKUP(E80,V!A:K,7,FALSE) -> RIFT | K80: =VLOOKUP(E80,V!A:K,9,FALSE) -> PM | L80: =VLOOKUP(E80,V!A:K,3,FALSE) -> 0.5 | M80: =VLOOKUP(E80,V!A:K,4,FALSE) -> 1265 | N80: =VLOOKUP(E80,V!A:K,5,FALSE) -> 2520
A81: GRA-XWOFZW03 | B81: =RIGHT(A81,8)&" "&"Grading" -> XWOFZW03 Grading | C81: OUTPUT | D81: 3 | E81: XWOFPB01 | F81: veneer | H81: pcs. | I81: WF | J81: =VLOOKUP(E81,V!A:K,7,FALSE) -> RIFT | K81: =VLOOKUP(E81,V!A:K,9,FALSE) -> PM | L81: =VLOOKUP(E81,V!A:K,3,FALSE) -> 0.5 | M81: =VLOOKUP(E81,V!A:K,4,FALSE) -> 1265 | N81: =VLOOKUP(E81,V!A:K,5,FALSE) -> 2520
A82: GRA-XWOFZW03 | B82: =RIGHT(A82,8)&" "&"Grading" -> XWOFZW03 Grading | C82: OUTPUT | D82: 3 | E82: XWOFZW01 | F82: veneer | H82: pcs. | I82: WF | J82: =VLOOKUP(E82,V!A:K,7,FALSE) -> RIFT | K82: =VLOOKUP(E82,V!A:K,9,FALSE) -> Z | L82: =VLOOKUP(E82,V!A:K,3,FALSE) -> 0.5 | M82: =VLOOKUP(E82,V!A:K,4,FALSE) -> 1265 | N82: =VLOOKUP(E82,V!A:K,5,FALSE) -> 2520
A83: GRA-XWOFZW03 | B83: =RIGHT(A83,8)&" "&"Grading" -> XWOFZW03 Grading | C83: OUTPUT | D83: 3 | E83: XWOFSC01 | F83: veneer | H83: pcs. | I83: WF | J83: =VLOOKUP(E83,V!A:K,7,FALSE) -> RIFT | K83: =VLOOKUP(E83,V!A:K,9,FALSE) -> SM | L83: =VLOOKUP(E83,V!A:K,3,FALSE) -> 0.5 | M83: =VLOOKUP(E83,V!A:K,4,FALSE) -> 1265 | N83: =VLOOKUP(E83,V!A:K,5,FALSE) -> 2520
A84: GRA-XWOFZW03 | B84: =RIGHT(A84,8)&" "&"Grading" -> XWOFZW03 Grading | C84: OUTPUT | D84: 3 | E84: XWOFSB01 | F84: veneer | H84: pcs. | I84: WF | J84: =VLOOKUP(E84,V!A:K,7,FALSE) -> RIFT | K84: =VLOOKUP(E84,V!A:K,9,FALSE) -> SM | L84: =VLOOKUP(E84,V!A:K,3,FALSE) -> 0.5 | M84: =VLOOKUP(E84,V!A:K,4,FALSE) -> 1265 | N84: =VLOOKUP(E84,V!A:K,5,FALSE) -> 2520
A85: GRA-XWOFZW03 | B85: =RIGHT(A85,8)&" "&"Grading" -> XWOFZW03 Grading | C85: OUTPUT | D85: 3 | E85: XWOFM101 | F85: veneer | H85: pcs. | I85: WF | J85: =VLOOKUP(E85,V!A:K,7,FALSE) -> RIFT | K85: =VLOOKUP(E85,V!A:K,9,FALSE) -> MPF | L85: =VLOOKUP(E85,V!A:K,3,FALSE) -> 0.5 | M85: =VLOOKUP(E85,V!A:K,4,FALSE) -> 1265 | N85: =VLOOKUP(E85,V!A:K,5,FALSE) -> 2520
A86: GRA-XWOFZW03 | B86: =RIGHT(A86,8)&" "&"Grading" -> XWOFZW03 Grading | C86: OUTPUT | D86: 3 | E86: XWOFM206 | F86: veneer | H86: pcs. | I86: WF | J86: =VLOOKUP(E86,V!A:K,7,FALSE) -> RIFT | K86: =VLOOKUP(E86,V!A:K,9,FALSE) -> MPF | L86: =VLOOKUP(E86,V!A:K,3,FALSE) -> 0.5 | M86: =VLOOKUP(E86,V!A:K,4,FALSE) -> 1265 | N86: =VLOOKUP(E86,V!A:K,5,FALSE) -> 2520
A87: GRA-XWOFZW03 | B87: =RIGHT(A87,8)&" "&"Grading" -> XWOFZW03 Grading | C87: OUTPUT | D87: 3 | E87: XMOZZ402 | F87: veneer | H87: pcs. | I87: WF | J87: =VLOOKUP(E87,V!A:K,7,FALSE) -> Z | K87: =VLOOKUP(E87,V!A:K,9,FALSE) -> Z | L87: =VLOOKUP(E87,V!A:K,3,FALSE) -> 0.5 | M87: =VLOOKUP(E87,V!A:K,4,FALSE) -> 1265 | N87: =VLOOKUP(E87,V!A:K,5,FALSE) -> 2520
A88: GRA-XWOFZW03 | B88: =RIGHT(A88,8)&" "&"Grading" -> XWOFZW03 Grading | C88: OUTPUT | D88: 3 | E88: XWOFSA01 | F88: veneer | H88: pcs. | I88: WF | J88: =VLOOKUP(E88,V!A:K,7,FALSE) -> RIFT | K88: =VLOOKUP(E88,V!A:K,9,FALSE) -> SM | L88: =VLOOKUP(E88,V!A:K,3,FALSE) -> 0.5 | M88: =VLOOKUP(E88,V!A:K,4,FALSE) -> 1265 | N88: =VLOOKUP(E88,V!A:K,5,FALSE) -> 2520
A89: GRA-XWOFZW04 | B89: =RIGHT(A89,8)&" "&"Grading" -> XWOFZW04 Grading | C89: INPUT | D89: 1 | E89: =RIGHT(A89,8) -> XWOFZW04 | F89: veneer | H89: pcs. | I89: WF | J89: =VLOOKUP(E89,V!A:K,7,FALSE) -> RIFT | K89: =VLOOKUP(E89,V!A:K,9,FALSE) -> Z | L89: =VLOOKUP(E89,V!A:K,3,FALSE) -> 0.4 | M89: =VLOOKUP(E89,V!A:K,4,FALSE) -> 1265 | N89: =VLOOKUP(E89,V!A:K,5,FALSE) -> 3100 | O89: 100 | P89: 0
A90: GRA-XWOFZW04 | B90: =RIGHT(A90,8)&" "&"Grading" -> XWOFZW04 Grading | C90: OUTPUT | D90: 2 | E90: XWOFPA08 | F90: veneer | H90: pcs. | I90: WF | J90: =VLOOKUP(E90,V!A:K,7,FALSE) -> RIFT | K90: =VLOOKUP(E90,V!A:K,9,FALSE) -> PM | L90: =VLOOKUP(E90,V!A:K,3,FALSE) -> 0.5 | M90: =VLOOKUP(E90,V!A:K,4,FALSE) -> 1265 | N90: =VLOOKUP(E90,V!A:K,5,FALSE) -> 3100
A91: GRA-XWOFZW04 | B91: =RIGHT(A91,8)&" "&"Grading" -> XWOFZW04 Grading | C91: OUTPUT | D91: 3 | E91: XWOFM103 | F91: veneer | H91: pcs. | I91: WF | J91: =VLOOKUP(E91,V!A:K,7,FALSE) -> RIFT | K91: =VLOOKUP(E91,V!A:K,9,FALSE) -> MPF | L91: =VLOOKUP(E91,V!A:K,3,FALSE) -> 0.5 | M91: =VLOOKUP(E91,V!A:K,4,FALSE) -> 1265 | N91: =VLOOKUP(E91,V!A:K,5,FALSE) -> 3300
A92: GRA-XWOFZW04 | B92: =RIGHT(A92,8)&" "&"Grading" -> XWOFZW04 Grading | C92: OUTPUT | D92: 4 | E92: XWOFSA07 | F92: veneer | H92: pcs. | I92: WF | J92: =VLOOKUP(E92,V!A:K,7,FALSE) -> RIFT | K92: =VLOOKUP(E92,V!A:K,9,FALSE) -> SM | L92: =VLOOKUP(E92,V!A:K,3,FALSE) -> 0.5 | M92: =VLOOKUP(E92,V!A:K,4,FALSE) -> 1265 | N92: =VLOOKUP(E92,V!A:K,5,FALSE) -> 3100
A93: GRA-XWOFZW04 | B93: =RIGHT(A93,8)&" "&"Grading" -> XWOFZW04 Grading | C93: OUTPUT | D93: 5 | E93: XWOFSC03 | F93: veneer | H93: pcs. | I93: WF | J93: =VLOOKUP(E93,V!A:K,7,FALSE) -> RIFT | K93: =VLOOKUP(E93,V!A:K,9,FALSE) -> SM | L93: =VLOOKUP(E93,V!A:K,3,FALSE) -> 0.5 | M93: =VLOOKUP(E93,V!A:K,4,FALSE) -> 1265 | N93: =VLOOKUP(E93,V!A:K,5,FALSE) -> 3100
A94: GRA-XWOFZW04 | B94: =RIGHT(A94,8)&" "&"Grading" -> XWOFZW04 Grading | C94: OUTPUT | D94: 6 | E94: XWOFZW01 | F94: veneer | H94: pcs. | I94: WF | J94: =VLOOKUP(E94,V!A:K,7,FALSE) -> RIFT | K94: =VLOOKUP(E94,V!A:K,9,FALSE) -> Z | L94: =VLOOKUP(E94,V!A:K,3,FALSE) -> 0.5 | M94: =VLOOKUP(E94,V!A:K,4,FALSE) -> 1265 | N94: =VLOOKUP(E94,V!A:K,5,FALSE) -> 2520
A95: GRA-XWOFZW04 | B95: =RIGHT(A95,8)&" "&"Grading" -> XWOFZW04 Grading | C95: OUTPUT | D95: 7 | E95: XWOFBA10 | F95: veneer | H95: pcs. | I95: WF | J95: =VLOOKUP(E95,V!A:K,7,FALSE) -> RIFT | K95: =VLOOKUP(E95,V!A:K,9,FALSE) -> BM | L95: =VLOOKUP(E95,V!A:K,3,FALSE) -> 0.5 | M95: =VLOOKUP(E95,V!A:K,4,FALSE) -> 1265 | N95: =VLOOKUP(E95,V!A:K,5,FALSE) -> 3100
A96: GRA-XWOFZW04 | B96: =RIGHT(A96,8)&" "&"Grading" -> XWOFZW04 Grading | C96: OUTPUT | D96: 8 | E96: XWOFM102 | F96: veneer | H96: pcs. | I96: WF | J96: =VLOOKUP(E96,V!A:K,7,FALSE) -> RIFT | K96: =VLOOKUP(E96,V!A:K,9,FALSE) -> MPF | L96: =VLOOKUP(E96,V!A:K,3,FALSE) -> 0.5 | M96: =VLOOKUP(E96,V!A:K,4,FALSE) -> 1265 | N96: =VLOOKUP(E96,V!A:K,5,FALSE) -> 3300
A97: GRA-XWOPZW04 | B97: =RIGHT(A97,8)&" "&"Grading" -> XWOPZW04 Grading | C97: INPUT | D97: 1 | E97: =RIGHT(A97,8) -> XWOPZW04 | F97: veneer | H97: pcs. | I97: WF | J97: =VLOOKUP(E97,V!A:K,7,FALSE) -> PC | K97: =VLOOKUP(E97,V!A:K,9,FALSE) -> Z | L97: =VLOOKUP(E97,V!A:K,3,FALSE) -> 0.4 | M97: =VLOOKUP(E97,V!A:K,4,FALSE) -> 1265 | N97: =VLOOKUP(E97,V!A:K,5,FALSE) -> 2520 | O97: 100 | P97: 0
A98: GRA-XWOPZW04 | B98: =RIGHT(A98,8)&" "&"Grading" -> XWOPZW04 Grading | C98: OUTPUT | D98: 2 | E98: XWOPBA01 | F98: veneer | H98: pcs. | I98: WF | J98: =VLOOKUP(E98,V!A:K,7,FALSE) -> PC | K98: =VLOOKUP(E98,V!A:K,9,FALSE) -> BM | L98: =VLOOKUP(E98,V!A:K,3,FALSE) -> 0.5 | M98: =VLOOKUP(E98,V!A:K,4,FALSE) -> 1265 | N98: =VLOOKUP(E98,V!A:K,5,FALSE) -> 2520
A99: GRA-XWOPZW04 | B99: =RIGHT(A99,8)&" "&"Grading" -> XWOPZW04 Grading | C99: OUTPUT | D99: 3 | E99: XWOPBB01 | F99: veneer | H99: pcs. | I99: WF | J99: =VLOOKUP(E99,V!A:K,7,FALSE) -> PC | K99: =VLOOKUP(E99,V!A:K,9,FALSE) -> BM | L99: =VLOOKUP(E99,V!A:K,3,FALSE) -> 0.5 | M99: =VLOOKUP(E99,V!A:K,4,FALSE) -> 1265 | N99: =VLOOKUP(E99,V!A:K,5,FALSE) -> 2520
A100: GRA-XWOPZW04 | B100: =RIGHT(A100,8)&" "&"Grading" -> XWOPZW04 Grading | C100: OUTPUT | D100: 4 | E100: XWOPBC01 | F100: veneer | H100: pcs. | I100: WF | J100: =VLOOKUP(E100,V!A:K,7,FALSE) -> PC | K100: =VLOOKUP(E100,V!A:K,9,FALSE) -> BM | L100: =VLOOKUP(E100,V!A:K,3,FALSE) -> 0.5 | M100: =VLOOKUP(E100,V!A:K,4,FALSE) -> 1265 | N100: =VLOOKUP(E100,V!A:K,5,FALSE) -> 2520
...

Sheet UV-CODE
A1: FG-CODE | B1: species | C1: Baseboard | D1: Thickness(mm) | E1: Width-Inch | F1: Length-Inch | G1: Width-mm | H1: Length-mm | I1: Unit | J1: GLUE | K1: NAME
A2: SPM292701 | B2: Standard Primed | C2: MDF | D2: 2.9 | E2: 24.5 | F2: 80.5 | G2: 620 | H2: 2045 | I2: Pcs | J2: CARB P2 | K2: =C2&" "&D2&"mm"&""&"*"&E2&"*"&F2&" "&J2&" "&B2 -> MDF 2.9mm*24.5*80.5 CARB P2 Standard Primed
A3: SPM292702 | B3: Standard Primed | C3: MDF | D3: 2.9 | E3: 28.5 | F3: 80.5 | G3: 724 | H3: 2045 | I3: Pcs | J3: CARB P2 | K3: =C3&" "&D3&"mm"&""&"*"&E3&"*"&F3&" "&J3&" "&B3 -> MDF 2.9mm*28.5*80.5 CARB P2 Standard Primed
A4: SPM293704 | B4: Standard Primed | C4: MDF | D4: 2.9 | E4: 30.5 | F4: 80.5 | G4: 775 | H4: 2045 | I4: Pcs | J4: CARB P2 | K4: =C4&" "&D4&"mm"&""&"*"&E4&"*"&F4&" "&J4&" "&B4 -> MDF 2.9mm*30.5*80.5 CARB P2 Standard Primed
A5: SPM293705 | B5: Standard Primed | C5: MDF | D5: 2.9 | E5: 32.5 | F5: 80.5 | G5: 826 | H5: 2045 | I5: Pcs | J5: CARB P2 | K5: =C5&" "&D5&"mm"&""&"*"&E5&"*"&F5&" "&J5&" "&B5 -> MDF 2.9mm*32.5*80.5 CARB P2 Standard Primed
A6: SPM293701 | B6: Standard Primed | C6: MDF | D6: 2.9 | E6: 36.5 | F6: 80.5 | G6: 927 | H6: 2045 | I6: Pcs | J6: CARB P2 | K6: =C6&" "&D6&"mm"&""&"*"&E6&"*"&F6&" "&J6&" "&B6 -> MDF 2.9mm*36.5*80.5 CARB P2 Standard Primed
A7: SPM293702 | B7: Standard Primed | C7: MDF | D7: 2.9 | E7: 36.5 | F7: 84.5 | G7: 927 | H7: 2145 | I7: Pcs | J7: CARB P2 | K7: =C7&" "&D7&"mm"&""&"*"&E7&"*"&F7&" "&J7&" "&B7 -> MDF 2.9mm*36.5*84.5 CARB P2 Standard Primed
A8: SPM293801 | B8: Standard Primed | C8: MDF | D8: 2.9 | E8: 36.5 | F8: 96.5 | G8: 927 | H8: 2452 | I8: Pcs | J8: CARB P2 | K8: =C8&" "&D8&"mm"&""&"*"&E8&"*"&F8&" "&J8&" "&B8 -> MDF 2.9mm*36.5*96.5 CARB P2 Standard Primed
A9: SPM294801 | B9: Standard Primed | C9: MDF | D9: 2.9 | E9: 48.5 | F9: 96.5 | G9: 1232 | H9: 2452 | I9: Pcs | J9: CARB P2 | K9: =C9&" "&D9&"mm"&""&"*"&E9&"*"&F9&" "&J9&" "&B9 -> MDF 2.9mm*48.5*96.5 CARB P2 Standard Primed | M9: paint g | N9: g/m2
A10: SPM302701 | B10: Standard Primed | C10: MDF | D10: 3 | E10: 24.5 | F10: 80.5 | G10: 620 | H10: 2045 | I10: Pcs | J10: CARB P2 | K10: =C10&" "&D10&"mm"&""&"*"&E10&"*"&F10&" "&J10&" "&B10 -> MDF 3mm*24.5*80.5 CARB P2 Standard Primed | L10: =H10*G10/1000000 -> 1.2679 | M10: =1.27*2 -> 2.54 | N10: =M10/L10 -> 2.0033126
A11: SPM302702 | B11: Standard Primed | C11: MDF | D11: 3 | E11: 28.5 | F11: 80.5 | G11: 724 | H11: 2045 | I11: Pcs | J11: CARB P2 | K11: =C11&" "&D11&"mm"&""&"*"&E11&"*"&F11&" "&J11&" "&B11 -> MDF 3mm*28.5*80.5 CARB P2 Standard Primed
A12: SPM303701 | B12: Standard Primed | C12: MDF | D12: 3 | E12: 30.5 | F12: 80.5 | G12: 775 | H12: 2045 | I12: Pcs | J12: CARB P2 | K12: =C12&" "&D12&"mm"&""&"*"&E12&"*"&F12&" "&J12&" "&B12 -> MDF 3mm*30.5*80.5 CARB P2 Standard Primed
A13: SPM303702 | B13: Standard Primed | C13: MDF | D13: 3 | E13: 32.5 | F13: 80.5 | G13: 826 | H13: 2045 | I13: Pcs | J13: CARB P2 | K13: =C13&" "&D13&"mm"&""&"*"&E13&"*"&F13&" "&J13&" "&B13 -> MDF 3mm*32.5*80.5 CARB P2 Standard Primed
A14: SPM303705 | B14: Standard Primed | C14: MDF | D14: 3 | E14: 30.5 | F14: 84.5 | G14: 775 | H14: 2145 | I14: Pcs | J14: CARB P2 | K14: =C14&" "&D14&"mm"&""&"*"&E14&"*"&F14&" "&J14&" "&B14 -> MDF 3mm*30.5*84.5 CARB P2 Standard Primed
A15: SPM303703 | B15: Standard Primed | C15: MDF | D15: 3 | E15: 36.5 | F15: 80.5 | G15: 927 | H15: 2045 | I15: Pcs | J15: CARB P2 | K15: =C15&" "&D15&"mm"&""&"*"&E15&"*"&F15&" "&J15&" "&B15 -> MDF 3mm*36.5*80.5 CARB P2 Standard Primed | L15: =H15*G15/1000000 -> 1.895715 | M15: =1.9*2 -> 3.8 | N15: =M15/L15 -> 2.0045207
A16: SPM303704 | B16: Standard Primed | C16: MDF | D16: 3 | E16: 36.5 | F16: 84.5 | G16: 927 | H16: 2145 | I16: Pcs | J16: CARB P2 | K16: =C16&" "&D16&"mm"&""&"*"&E16&"*"&F16&" "&J16&" "&B16 -> MDF 3mm*36.5*84.5 CARB P2 Standard Primed
A17: SPM303801 | B17: Standard Primed | C17: MDF | D17: 3 | E17: 36.5 | F17: 96.5 | G17: 927 | H17: 2452 | I17: Pcs | J17: CARB P2 | K17: =C17&" "&D17&"mm"&""&"*"&E17&"*"&F17&" "&J17&" "&B17 -> MDF 3mm*36.5*96.5 CARB P2 Standard Primed
A18: SPM304801 | B18: Standard Primed | C18: MDF | D18: 3 | E18: 48.5 | F18: 96.5 | G18: 1232 | H18: 2452 | I18: Pcs | J18: CARB P2 | K18: =C18&" "&D18&"mm"&""&"*"&E18&"*"&F18&" "&J18&" "&B18 -> MDF 3mm*48.5*96.5 CARB P2 Standard Primed
A19: UPM302603 | B19: UV prime | C19: MDF | D19: 3 | G19: 730 | H19: 2050 | I19: Pcs | J19: CARB P2 | K19: =C19&" "&D19&"mm"&""&"*"&G19&"*"&H19&" "&J19&" "&B19 -> MDF 3mm*730*2050 CARB P2 UV prime
A20: UPM303604 | B20: UV prime | C20: MDF | D20: 3 | G20: 780 | H20: 2050 | I20: Pcs | J20: CARB P2 | K20: =C20&" "&D20&"mm"&""&"*"&G20&"*"&H20&" "&J20&" "&B20 -> MDF 3mm*780*2050 CARB P2 UV prime
A21: UPM303605 | B21: UV prime | C21: MDF | D21: 3 | G21: 880 | H21: 2050 | I21: Pcs | J21: CARB P2 | K21: =C21&" "&D21&"mm"&""&"*"&G21&"*"&H21&" "&J21&" "&B21 -> MDF 3mm*880*2050 CARB P2 UV prime
A22: UPM303606 | B22: UV prime | C22: MDF | D22: 3 | G22: 930 | H22: 2050 | I22: Pcs | J22: CARB P2 | K22: =C22&" "&D22&"mm"&""&"*"&G22&"*"&H22&" "&J22&" "&B22 -> MDF 3mm*930*2050 CARB P2 UV prime
A23: UPM303607 | B23: UV prime | C23: MDF | D23: 3 | G23: 830 | H23: 2050 | I23: Pcs | J23: CARB P2 | K23: =C23&" "&D23&"mm"&""&"*"&G23&"*"&H23&" "&J23&" "&B23 -> MDF 3mm*830*2050 CARB P2 UV prime
A24: UPM304801 | B24: UV prime | C24: MDF | D24: 3 | E24: 48.5 | F24: 96.5 | G24: 1245 | H24: 2465 | I24: Pcs | J24: CARB P2 | K24: =C24&" "&D24&"mm"&""&"*"&E24&"*"&F24&" "&J24&" "&B24 -> MDF 3mm*48.5*96.5 CARB P2 UV prime
A25: SPFX90001 | B25: UV | C25: FG | D25: 19 | E25: 48.5 | F25: 96.5 | G25: 1232 | H25: 2452 | I25: Pcs | J25: CARB P2 | K25: =C25&" "&D25&"mm"&""&"*"&E25&"*"&F25&" "&J25&" "&B25 -> FG 19mm*48.5*96.5 CARB P2 UV | L25: 油油油
A26: SPM302801 | B26: Standard Primed | C26: MDF | D26: 3 | E26: 24.5 | F26: 96.5 | G26: 620 | H26: 2452 | I26: Pcs | J26: CARB P2 | K26: =C26&" "&D26&"mm"&""&"*"&E26&"*"&F26&" "&J26&" "&B26 -> MDF 3mm*24.5*96.5 CARB P2 Standard Primed
B27: UV prime | C27: Platform MLH | E27: 48.4 | F27: 120.4 | G27: 1230 | H27: 3060 | I27: Pcs | J27: CARB P2 | K27: =C27&" "&D27&"mm"&""&"*"&E27&"*"&F27&" "&J27&" "&B27 -> Platform MLH mm*48.4*120.4 CARB P2 UV prime
B28: UV prime | C28: MDF | D28: 3 | G28: 927 | H28: 2050 | I28: Pcs | J28: CARB P2 | K28: =C28&" "&D28&"mm"&""&"*"&E28&"*"&F28&" "&J28&" "&B28 -> MDF 3mm** CARB P2 UV prime
A29: 4WBXX9CU1 | B29: W.BIRCH C UV/UV PRIMED | C29: VCMX | D29: 19 | E29: 48.5 | F29: 96.5 | G29: 1232 | H29: 2452 | I29: Pcs | J29: CARB P2 | K29: =C29&" "&D29&"mm"&""&"*"&E29&"*"&F29&" "&J29&" "&B29 -> VCMX 19mm*48.5*96.5 CARB P2 W.BIRCH C UV/UV PRIMED | L29: 4x8
A30: 4NOXX9UU1 | B30: UV PRIMED/UV PRIMED | C30: VCMX | D30: 19 | E30: 48.5 | F30: 96.5 | G30: 1232 | H30: 2452 | I30: Pcs | J30: CARB P2 | K30: =C30&" "&D30&"mm"&""&"*"&E30&"*"&F30&" "&J30&" "&B30 -> VCMX 19mm*48.5*96.5 CARB P2 UV PRIMED/UV PRIMED | L30: 4x8
A31: 4WMPX9B29 | B31: W.MAPLE B UV / #2 UV | C31: Platform JS | D31: 19 | E31: 48.5 | F31: 96.5 | G31: 1232 | H31: 2452 | I31: Pcs | J31: CARB P2 | K31: =C31&" "&D31&"mm"&""&"*"&E31&"*"&F31&" "&J31&" "&B31 -> Platform JS 19mm*48.5*96.5 CARB P2 W.MAPLE B UV / #2 UV | L31: 4x8
A32: 4WMPX9B2A | B32: W.MAPLE B UV / #2 | C32: PlatformJS | D32: 19 | E32: 48.5 | F32: 96.5 | G32: 1232 | H32: 2452 | I32: Pcs | J32: CARB P2 | K32: =C32&" "&D32&"mm"&""&"*"&E32&"*"&F32&" "&J32&" "&B32 -> PlatformJS 19mm*48.5*96.5 CARB P2 W.MAPLE B UV / #2 | L32: 4x8
A33: 4WBPX9CD2 | B33: W.BIRCH C UV / D UV | C33: PlatformJS | D33: 19 | E33: 48.5 | F33: 96.5 | G33: 1232 | H33: 2452 | I33: Pcs | J33: CARB P2 | K33: =C33&" "&D33&"mm"&""&"*"&E33&"*"&F33&" "&J33&" "&B33 -> PlatformJS 19mm*48.5*96.5 CARB P2 W.BIRCH C UV / D UV | L33: 4x8
A34: 4WBPX9DD5 | B34: W.BIRCH D+ UV / D UV | C34: PlatformJS | D34: 19 | E34: 48.5 | F34: 96.5 | G34: 1232 | H34: 2452 | I34: Pcs | J34: CARB P2 | K34: =C34&" "&D34&"mm"&""&"*"&E34&"*"&F34&" "&J34&" "&B34 -> PlatformJS 19mm*48.5*96.5 CARB P2 W.BIRCH D+ UV / D UV | L34: 4x8
A35: 4NOXX2UU2 | B35: UV PRIMED/UV PRIMED | C35: VCMX | D35: 12.5 | E35: 48.5 | F35: 96.5 | G35: 1232 | H35: 2452 | I35: Pcs | J35: CARB P2 | K35: =C35&" "&D35&"mm"&""&"*"&E35&"*"&F35&" "&J35&" "&B35 -> VCMX 12.5mm*48.5*96.5 CARB P2 UV PRIMED/UV PRIMED | L35: 4x8
A36: 4NOXX9UU2 | B36: UV PRIMED/UV PRIMED | C36: VCMX | D36: 12.5 | E36: 48.5 | F36: 120.5 | G36: 1232 | H36: 3060 | I36: Pcs | J36: CARB P2 | K36: =C36&" "&D36&"mm"&""&"*"&E36&"*"&F36&" "&J36&" "&B36 -> VCMX 12.5mm*48.5*120.5 CARB P2 UV PRIMED/UV PRIMED | L36: 4x8
A37: SPM302703 | B37: Standard Primed | C37: MDF | D37: 3 | E37: 24.5 | F37: 84.5 | G37: 620 | H37: 2145 | I37: Pcs | J37: CARB P2 | K37: =C37&" "&D37&"mm"&""&"*"&E37&"*"&F37&" "&J37&" "&B37 -> MDF 3mm*24.5*84.5 CARB P2 Standard Primed
A38: 4WMPX9C25 | B38: W.MAPLE C UV / #2 UV | C38: PlatformJS | D38: 19 | E38: 48.5 | F38: 96.5 | G38: 1232 | H38: 2452 | I38: Pcs | J38: CARB P2 | K38: =C38&" "&D38&"mm"&""&"*"&E38&"*"&F38&" "&J38&" "&B38 -> PlatformJS 19mm*48.5*96.5 CARB P2 W.MAPLE C UV / #2 UV | L38: 4x8
A39: 470 | B39: Standard Primed | C39: MDF | D39: 3 | E39: 18.5 | F39: 80.5 | G39: 470 | H39: 2045 | I39: Pcs | J39: CARB P2 | K39: =C39&" "&D39&"mm"&""&"*"&E39&"*"&F39&" "&J39&" "&B39 -> MDF 3mm*18.5*80.5 CARB P2 Standard Primed
A40: 2.3*620 | B40: Standard Primed | C40: MDF | D40: 2.3 | E40: 24.5 | F40: 80.5 | G40: 620 | H40: 2045 | I40: Pcs | J40: CARB P2 | K40: =C40&" "&D40&"mm"&""&"*"&E40&"*"&F40&" "&J40&" "&B40 -> MDF 2.3mm*24.5*80.5 CARB P2 Standard Primed
A41: 4WMM52A32 | B41: W.MAPLE A UV / #3 | C41: MDF | D41: 5.2 | E41: 48.5 | F41: 96.5 | G41: 1232 | H41: 2452 | I41: Pcs | J41: CARB P2 | K41: =C41&" "&D41&"mm"&""&"*"&E41&"*"&F41&" "&J41&" "&B41 -> MDF 5.2mm*48.5*96.5 CARB P2 W.MAPLE A UV / #3 | L41: 4x8
A42: 4WMPX9B15 | B42: W.MAPLE B UV / #1 UV | C42: PlatformAX | D42: 19 | E42: 48.5 | F42: 96.5 | G42: 1232 | H42: 2452 | I42: Pcs | J42: CARB P2 | K42: =C42&" "&D42&"mm"&""&"*"&E42&"*"&F42&" "&J42&" "&B42 -> PlatformAX 19mm*48.5*96.5 CARB P2 W.MAPLE B UV / #1 UV | L42: 4x8
A43: 4WMPX9C2A | B43: W.MAPLE C UV / # 2 UV | C43: PlatformAX | D43: 19 | E43: 48.5 | F43: 96.5 | G43: 1232 | H43: 2452 | I43: Pcs | J43: CARB P2 | K43: =C43&" "&D43&"mm"&""&"*"&E43&"*"&F43&" "&J43&" "&B43 -> PlatformAX 19mm*48.5*96.5 CARB P2 W.MAPLE C UV / # 2 UV | L43: 4x8
A44: 4NOXX9NN1 | B44: x | C44: VCMX | D44: 19 | E44: 48.5 | F44: 96.5 | G44: 1232 | H44: 2452 | I44: Pcs | J44: CARB P2 | K44: =C44&" "&D44&"mm"&""&"*"&E44&"*"&F44&" "&J44&" "&B44 -> VCMX 19mm*48.5*96.5 CARB P2 x | L44: 4x8
A45: 4WBPX9DD2 | B45: W.BIRCH D+ UV / D UV | C45: PlatformJS | D45: 19 | E45: 48.5 | F45: 96.5 | G45: 1232 | H45: 2452 | I45: Pcs | J45: CARB P2 | K45: =C45&" "&D45&"mm"&""&"*"&E45&"*"&F45&" "&J45&" "&B45 -> PlatformJS 19mm*48.5*96.5 CARB P2 W.BIRCH D+ UV / D UV
A46: UPP273701 | B46: UV prime | C46: PlywoodAP | D46: 2.7 | E46: 36.5 | F46: 84.5 | G46: 927 | H46: 2145 | I46: Pcs | J46: PHENOLIC | K46: =C46&" "&D46&"mm"&""&"*"&E46&"*"&F46&" "&J46&" "&B46 -> PlywoodAP 2.7mm*36.5*84.5 PHENOLIC UV prime | L46: 3X7
A47: UPP274801 | B47: UV prime | C47: PlywoodAP | D47: 2.7 | E47: 48.5 | F47: 96.5 | G47: 1232 | H47: 2452 | I47: Pcs | J47: PHENOLIC | K47: =C47&" "&D47&"mm"&""&"*"&E47&"*"&F47&" "&J47&" "&B47 -> PlywoodAP 2.7mm*48.5*96.5 PHENOLIC UV prime | L47: 3X7
A48: 4WMPX9B2I | B48: W.MAPLE B UV / #2 UV | C48: PlatformQS | D48: 19 | E48: 48.5 | F48: 96.5 | G48: 1232 | H48: 2452 | I48: Pcs | J48: CARB P2 | K48: =C48&" "&D48&"mm"&""&"*"&E48&"*"&F48&" "&J48&" "&B48 -> PlatformQS 19mm*48.5*96.5 CARB P2 W.MAPLE B UV / #2 UV | L48: 4x8
A49: 4WMPX2C24 | B49: W.MAPLE C UV / #2 | C49: PlatformJA | D49: 12 | E49: 48.5 | F49: 96.5 | G49: 1232 | H49: 2452 | I49: Pcs | J49: CARB P2 | K49: =C49&" "&D49&"mm"&""&"*"&E49&"*"&F49&" "&J49&" "&B49 -> PlatformJA 12mm*48.5*96.5 CARB P2 W.MAPLE C UV / #2 | L49: 4x8
A50: 4WMM52B32 | B50: W.MAPLE B / #3 UV | C50: MDF | D50: 5.2 | E50: 48.5 | F50: 96.5 | G50: 1232 | H50: 2452 | I50: Pcs | J50: CARB P2 | K50: =C50&" "&D50&"mm"&""&"*"&E50&"*"&F50&" "&J50&" "&B50 -> MDF 5.2mm*48.5*96.5 CARB P2 W.MAPLE B / #3 UV | L50: 4X8
A51: 4WMPX9B2H | B51: W.MAPLE B UV / #2 | C51: PlatformQS | D51: 19 | E51: 48.5 | F51: 96.5 | G51: 1232 | H51: 2452 | I51: Pcs | J51: CARB P2 | K51: =C51&" "&D51&"mm"&""&"*"&E51&"*"&F51&" "&J51&" "&B51 -> PlatformQS 19mm*48.5*96.5 CARB P2 W.MAPLE B UV / #2 | L51: 4X8
A52: 4WMPX9C24 | B52: W.MAPLE C UV / #2 | C52: PlatformJS | D52: 19 | E52: 48.5 | F52: 96.5 | G52: 1232 | H52: 2452 | I52: Pcs | J52: CARB P2 | K52: =C52&" "&D52&"mm"&""&"*"&E52&"*"&F52&" "&J52&" "&B52 -> PlatformJS 19mm*48.5*96.5 CARB P2 W.MAPLE C UV / #2 | L52: 4X8
A53: 4WMPX5C21 | B53: W.MAPLE C UV / #2 UV | C53: PlatformJS | D53: 16 | E53: 48.5 | F53: 96.5 | G53: 1232 | H53: 2452 | I53: Pcs | J53: CARB P2 | K53: =C53&" "&D53&"mm"&""&"*"&E53&"*"&F53&" "&J53&" "&B53 -> PlatformJS 16mm*48.5*96.5 CARB P2 W.MAPLE C UV / #2 UV | L53: 4X8
A54: 4WMPX9B2J | B54: W.MAPLE B UV / #2 UV | C54: PlatformAX | D54: 19 | E54: 48.5 | F54: 96.5 | G54: 1232 | H54: 2452 | I54: Pcs | J54: CARB P2 | K54: =C54&" "&D54&"mm"&""&"*"&E54&"*"&F54&" "&J54&" "&B54 -> PlatformAX 19mm*48.5*96.5 CARB P2 W.MAPLE B UV / #2 UV | L54: 4X8
A55: 4WMPX9B2B | B55: W.MAPLE B NO FIG / #2 | C55: PlatformAX | D55: 19 | E55: 48.5 | F55: 96.5 | G55: 1232 | H55: 2452 | I55: Pcs | J55: CARB P2 | K55: =C55&" "&D55&"mm"&""&"*"&E55&"*"&F55&" "&J55&" "&B55 -> PlatformAX 19mm*48.5*96.5 CARB P2 W.MAPLE B NO FIG / #2 | L55: 4X8
A56: 4WMPX9B2C | B56: W.MAPLE B UV / #2 | C56: PlatformAX | D56: 18 | E56: 48..5 | F56: 96.5 | G56: 1232 | H56: 2452 | I56: Pcs | J56: CARB P2 | K56: =C56&" "&D56&"mm"&""&"*"&E56&"*"&F56&" "&J56&" "&B56 -> PlatformAX 18mm*48..5*96.5 CARB P2 W.MAPLE B UV / #2 | L56: 4X8
A57: 4WMPX9B28 | B57: W.MAPLE B UV /#2 | C57: PlatformJS | D57: 19 | E57: 48.5 | F57: 96.5 | G57: 1232 | H57: 2452 | I57: Pcs | J57: CARB P2 | K57: =C57&" "&D57&"mm"&""&"*"&E57&"*"&F57&" "&J57&" "&B57 -> PlatformJS 19mm*48.5*96.5 CARB P2 W.MAPLE B UV /#2 | L57: 4X8
A58: 4ROPX2B14 | B58: R.OAK/W.MAPLE B/#1 | C58: PlywoodJA | D58: 12 | E58: 48.5 | F58: 96.5 | G58: 1232 | H58: 2452 | I58: Pcs | J58: CARB P2 | K58: =C58&" "&D58&"mm"&""&"*"&E58&"*"&F58&" "&J58&" "&B58 -> PlywoodJA 12mm*48.5*96.5 CARB P2 R.OAK/W.MAPLE B/#1 | L58: 4X8
A59: 4CHPX2B14 | B59: CHERRY/W.MAPLE B/#1 | C59: PlywoodJA | D59: 12 | E59: 48.5 | F59: 96.5 | G59: 1232 | H59: 2452 | I59: Pcs | J59: CARB P2 | K59: =C59&" "&D59&"mm"&""&"*"&E59&"*"&F59&" "&J59&" "&B59 -> PlywoodJA 12mm*48.5*96.5 CARB P2 CHERRY/W.MAPLE B/#1 | L59: 4X8
A60: 4WMP63C31 | B60: W.MAPLE C UV / #3 | C60: PlatformEU | D60: 6.3 | E60: 48.5 | F60: 96.5 | G60: 1232 | H60: 2452 | I60: Pcs | J60: CARB P2 | K60: =C60&" "&D60&"mm"&""&"*"&E60&"*"&F60&" "&J60&" "&B60 -> PlatformEU 6.3mm*48.5*96.5 CARB P2 W.MAPLE C UV / #3 | L60: 4X8
A61: 4HIPX2B14 | B61: HICKORYW.MAPLE B CALICO/#1 | C61: PlywoodJA | D61: 12 | E61: 48.5 | F61: 96.5 | G61: 1233 | H61: 2452 | I61: Pcs | J61: CARB P2 | K61: =C61&" "&D61&"mm"&""&"*"&E61&"*"&F61&" "&J61&" "&B61 -> PlywoodJA 12mm*48.5*96.5 CARB P2 HICKORYW.MAPLE B CALICO/#1 | L61: 4x8

Sheet V
A1: Code 编码 | B1: Species 树种 | C1: V-THI 厚度 | D1: Width 宽(mm) | E1: Length长(mm) | F1: F/B 面底 | G1: Cut 纹理 | H1: Grade 等级 | I1: Mat. 拼接 | J1: FSC | K1: Unit 单位 | L1: 类别 | M1: Code 编码
A2: RG-XALPB102 | B2: ALDER | C2: 0.25 | D2: 1265 | E2: 2520 | F2: BACK | G2: PC | H2: #1 | I2: BM | K2: Pcs | L2: 48-自贴 | M2: =RIGHT(A2,8) -> XALPB102
A3: XALPB102 | B3: ALDER | C3: 0.25 | D3: 1265 | E3: 2520 | F3: BACK | G3: PC | H3: #1 | I3: BM | K3: Pcs | L3: 48-自贴 | M3: =RIGHT(A3,8) -> XALPB102
A4: RG-XALPB101 | B4: ALDER | C4: 0.5 | D4: 1265 | E4: 1900 | F4: BACK | G4: PC | H4: #1 | I4: BM | K4: Pcs | L4: 48-自贴 | M4: =RIGHT(A4,8) -> XALPB101
A5: XALPB101 | B5: ALDER | C5: 0.5 | D5: 1265 | E5: 1900 | F5: BACK | G5: PC | H5: #1 | I5: BM | K5: Pcs | L5: 48-自贴 | M5: =RIGHT(A5,8) -> XALPB101
A6: RG-XALPM101 | B6: ALDER | C6: 0.5 | D6: 1265 | E6: 2520 | F6: BACK | G6: PC | H6: #1 | I6: MPF | K6: Pcs | L6: 48-自贴 | M6: =RIGHT(A6,8) -> XALPM101
A7: XALPM101 | B7: ALDER | C7: 0.5 | D7: 1265 | E7: 2520 | F7: BACK | G7: PC | H7: #1 | I7: MPF | K7: Pcs | L7: 48-自贴 | M7: =RIGHT(A7,8) -> XALPM101
A8: RG-XALPS101 | B8: ALDER | C8: 0.5 | D8: 1265 | E8: 1900 | F8: BACK | G8: PC | H8: #1 | I8: SM | K8: Pcs | L8: 48-自贴 | M8: =RIGHT(A8,8) -> XALPS101
A9: XALPS101 | B9: ALDER | C9: 0.5 | D9: 1265 | E9: 1900 | F9: BACK | G9: PC | H9: #1 | I9: SM | K9: Pcs | L9: 48-自贴 | M9: =RIGHT(A9,8) -> XALPS101
A10: RG-XALPM102 | B10: ALDER | C10: 0.5 | D10: 1265 | E10: 2520 | F10: BACK | G10: PC | H10: #1 IKE | I10: MPF | K10: Pcs | L10: 48-自贴 | M10: =RIGHT(A10,8) -> XALPM102
A11: XALPM102 | B11: ALDER | C11: 0.5 | D11: 1265 | E11: 2520 | F11: BACK | G11: PC | H11: #1 IKE | I11: MPF | K11: Pcs | L11: 48-自贴 | M11: =RIGHT(A11,8) -> XALPM102
A12: RG-XALPP102 | B12: ALDER | C12: 0.5 | D12: 1265 | E12: 2520 | F12: BACK | G12: PC | H12: #1 IKE | I12: PM | K12: Pcs | L12: 48-自贴 | M12: =RIGHT(A12,8) -> XALPP102
A13: XALPP102 | B13: ALDER | C13: 0.5 | D13: 1265 | E13: 2520 | F13: BACK | G13: PC | H13: #1 IKE | I13: PM | K13: Pcs | L13: 48-自贴 | M13: =RIGHT(A13,8) -> XALPP102
... A123: XBERSB02 | B123: BEECH | C123: 0.5 | D123: 1265 | E123: 2520 | F123: FACE | G123: RC | H123: B NO FIG | I123: SM | K123: Pcs | L123: 48-自贴 | M123: =RIGHT(A123,8) -> XBERSB02
A124: RG-XCEPZA01 | B124: CEDAR | C124: 0.5 | D124: NON | E124: 2500 | F124: Z | G124: PC | H124: A | I124: Z | K124: M2 | L124: m2 | M124: =RIGHT(A124,8) -> XCEPZA01
A125: XCEPZA01 | B125: CEDAR | C125: 0.5 | D125: NON | E125: 2500 | F125: Z | G125: PC | H125: A | I125: Z | K125: M2 | L125: m2 | M125: =RIGHT(A125,8) -> XCEPZA01
A126: RG-XCEPPA01 | B126: CEDAR | C126: 0.5 | D126: 1265 | E126: 2520 | F126: FACE | G126: PC | H126: A | I126: PM | K126: Pcs | L126: 48-自贴 | M126: =RIGHT(A126,8) -> XCEPPA01
A127: XCEPPA01 | B127: CEDAR | C127: 0.5 | D127: 1265 | E127: 2520 | F127: FACE | G127: PC | H127: A | I127: PM | K127: Pcs | L127: 48-自贴 | M127: =RIGHT(A127,8) -> XCEPPA01
A128: RG-XCHPB101 | B128: CHERRY | C128: 0.5 | D128: 1265 | E128: 2520 | F128: BACK | G128: PC | H128: #1 | I128: BM | K128: Pcs | L128: 48-自贴 | M128: =RIGHT(A128,8) -> XCHPB101
A129: XCHPB101 | B129: CHERRY | C129: 0.5 | D129: 1265 | E129: 2520 | F129: BACK | G129: PC | H129: #1 | I129: BM | K129: Pcs | L129: 48-自贴 | M129: =RIGHT(A129,8) -> XCHPB101
A130: RG-XCHPM101 | B130: CHERRY | C130: 0.5 | D130: 1265 | E130: 2520 | F130: BACK | G130: PC | H130: #1 | I130: MPF | K130: Pcs | L130: 48-自贴 | M130: =RIGHT(A130,8) -> XCHPM101
A131: XCHPM101 | B131: CHERRY | C131: 0.5 | D131: 1265 | E131: 2520 | F131: BACK | G131: PC | H131: #1 | I131: MPF | K131: Pcs | L131: 48-自贴 | M131: =RIGHT(A131,8) -> XCHPM101
A132: RG-XCHPM201 | B132: CHERRY | C132: 0.5 | D132: 1265 | E132: 2520 | F132: BACK | G132: PC | H132: #2 | I132: MPF | K132: Pcs | L132: 48-自贴 | M132: =RIGHT(A132,8) -> XCHPM201
A133: XCHPM201 | B133: CHERRY | C133: 0.5 | D133: 1265 | E133: 2520 | F133: BACK | G133: PC | H133: #2 | I133: MPF | K133: Pcs | L133: 48-自贴 | M133: =RIGHT(A133,8) -> XCHPM201
A134: RG-XCHPBA01 | B134: CHERRY | C134: 0.5 | D134: 1265 | E134: 2520 | F134: FACE | G134: PC | H134: A | I134: BM | K134: Pcs | L134: 48-自贴 | M134: =RIGHT(A134,8) -> XCHPBA01
A135: XCHPBA01 | B135: CHERRY | C135: 0.5 | D135: 1265 | E135: 2520 | F135: FACE | G135: PC | H135: A | I135: BM | K135: Pcs | L135: 48-自贴 | M135: =RIGHT(A135,8) -> XCHPBA01
A136: RG-XCHPBA02 | B136: CHERRY | C136: 0.5 | D136: 1265 | E136: 2520 | F136: FACE | G136: PC | H136: A SQ&N | I136: BM | K136: Pcs | L136: 48-自贴 | M136: =RIGHT(A136,8) -> XCHPBA02
A137: XCHPBA02 | B137: CHERRY | C137: 0.5 | D137: 1265 | E137: 2520 | F137: FACE | G137: PC | H137: A SQ&N | I137: BM | K137: Pcs | L137: 48-自贴 | M137: =RIGHT(A137,8) -> XCHPBA02
... A177: XCYPPR01 | B177: CYPRESS | C177: 0.5 | D177: 1265 | E177: 2520 | F177: FACE | G177: PC | H177: Rustic | I177: PM | K177: Pcs | L177: 48-自贴 | M177: =RIGHT(A177,8) -> XCYPPR01
A178: RG-XENRWF11 | B178: Engineered Hardwood | C178: 0.15 | D178: 630 | E178: 2200 | F178: FACE | G178: RC | H178: FD | I178: WPF | J178: FSC 100% | K178: Pcs | L178: RES-door | M178: =RIGHT(A178,8) -> XENRWF11
A179: RG-XENRWF12 | B179: Engineered Hardwood | C179: 0.15 | D179: 730 | E179: 2200 | F179: FACE | G179: RC | H179: FD | I179: WPF | J179: FSC 100% | K179: Pcs | L179: RES-door | M179: =RIGHT(A179,8) -> XENRWF12
A180: RG-XENRWF13 | B180: Engineered Hardwood | C180: 0.15 | D180: 780 | E180: 2200 | F180: FACE | G180: RC | H180: FD | I180: WPF | J180: FSC 100% | K180: Pcs | L180: RES-door | M180: =RIGHT(A180,8) -> XENRWF13
A181: RG-XENRWF14 | B181: Engineered Hardwood | C181: 0.15 | D181: 930 | E181: 2200 | F181: FACE | G181: RC | H181: FD | I181: WPF | J181: FSC 100% | K181: Pcs | L181: RES-door | M181: =RIGHT(A181,8) -> XENRWF14
A182: RG-XENRWF17 | B182: Engineered Hardwood | C182: 0.15 | D182: 830 | E182: 2200 | F182: FACE | G182: RC | H182: FD | I182: WPF | J182: FSC 100% | K182: Pcs | L182: RES-door | M182: =RIGHT(A182,8) -> XENRWF17
A183: XENRWF11 | B183: Engineered Hardwood | C183: 0.15 | D183: 630 | E183: 2200 | F183: FACE | G183: RC | H183: FD | I183: WPF | J183: FSC 100% | K183: Pcs | L183: RES-door | M183: =RIGHT(A183,8) -> XENRWF11
A184: XENRWF12 | B184: Engineered Hardwood | C184: 0.15 | D184: 730 | E184: 2200 | F184: FACE | G184: RC | H184: FD | I184: WPF | J184: FSC 100% | K184: Pcs | L184: RES-door | M184: =RIGHT(A184,8) -> XENRWF12
A185: XENRWF13 | B185: Engineered Hardwood | C185: 0.15 | D185: 780 | E185: 2200 | F185: FACE | G185: RC | H185: FD | I185: WPF | J185: FSC 100% | K185: Pcs | L185: RES-door | M185: =RIGHT(A185,8) -> XENRWF13
A186: XENRWF14 | B186: Engineered Hardwood | C186: 0.15 | D186: 930 | E186: 2200 | F186: FACE | G186: RC | H186: FD | I186: WPF | J186: FSC 100% | K186: Pcs | L186: RES-door | M186: =RIGHT(A186,8) -> XENRWF14
A187: XENRWF17 | B187: Engineered Hardwood | C187: 0.15 | D187: 830 | E187: 2200 | F187: FACE | G187: RC | H187: FD | I187: WPF | J187: FSC 100% | K187: Pcs | L187: RES-door | M187: =RIGHT(A187,8) -> XENRWF17
A188: RG-XENRWF15 | B188: Engineered Hardwood | C188: 0.15 | D188: 930 | E188: 2460 | F188: FACE | G188: RC | H188: FD | I188: WPF | J188: FSC 100% | K188: Pcs | L188: RES-door | M188: =RIGHT(A188,8) -> XENRWF15
A189: XENRWF15 | B189: Engineered Hardwood | C189: 0.15 | D189: 930 | E189: 2460 | F189: FACE | G189: RC | H189: FD | I189: WPF | J189: FSC 100% | K189: Pcs | L189: RES-door | M189: =RIGHT(A189,8) -> XENRWF15
... A191: XENRWF16 | B191: Engineered Hardwood | C191: 0.2 | D191: 1240 | E191: 2460 | F191: FACE | G191: RC | H191: Door FD | I191: WPF | J191: FSC 100% | K191: Pcs | L191: RES-door | M191: =RIGHT(A191,8) -> XENRWF16
A192: RG-XEPZW202 | B192: EV POPLAR | C192: 0.5 | D192: 1265 | E192: 2520 | F192: BACK | G192: Z | H192: #2 | I192: WPF | K192: Pcs | L192: 48-自贴 | M192: =RIGHT(A192,8) -> XEPZW202
A193: XEPZW202 | B193: EV POPLAR | C193: 0.5 | D193: 1265 | E193: 2520 | F193: BACK | G193: Z | H193: #2 | I193: WPF | K193: Pcs | L193: 48-自贴 | M193: =RIGHT(A193,8) -> XEPZW202
A194: RG-XHIPM101 | B194: HICKORY | C194: 0.5 | D194: 1265 | E194: 2520 | F194: BACK | G194: PC | H194: #1 | I194: MPF | K194: Pcs | L194: 48-自贴 | M194: =RIGHT(A194,8) -> XHIPM101
A195: XHIPM101 | B195: HICKORY | C195: 0.5 | D195: 1265 | E195: 2520 | F195: BACK | G195: PC | H195: #1 | I195: MPF | K195: Pcs | L195: 48-自贴 | M195: =RIGHT(A195,8) -> XHIPM101
A196: RG-XHIPM201 | B196: HICKORY | C196: 0.5 | D196: 1265 | E196: 2520 | F196: BACK | G196: PC | H196: #2 | I196: MPF | K196: Pcs | L196: 48-自贴 | M196: =RIGHT(A196,8) -> XHIPM201
A197: XHIPM201 | B197: HICKORY | C197: 0.5 | D197: 1265 | E197: 2520 | F197: BACK | G197: PC | H197: #2 | I197: MPF | K197: Pcs | L197: 48-自贴 | M197: =RIGHT(A197,8) -> XHIPM201
A198: RG-XHIPBA01 | B198: HICKORY | C198: 0.5 | D198: 1265 | E198: 2520 | F198: FACE | G198: PC | H198: A Calico | I198: BM | K198: Pcs | L198: 48-自贴 | M198: =RIGHT(A198,8) -> XHIPBA01
A199: XHIPBA01 | B199: HICKORY | C199: 0.5 | D199: 1265 | E199: 2520 | F199: FACE | G199: PC | H199: A Calico | I199: BM | K199: Pcs | L199: 48-自贴 | M199: =RIGHT(A199,8) -> XHIPBA01
A200: RG-XHIPBB01 | B200: HICKORY | C200: 0.5 | D200: 1265 | E200: 2520 | F200: FACE | G200: PC | H200: B All Heart | I200: BM | K200: Pcs | L200: 48-自贴 | M200: =RIGHT(A200,8) -> XHIPBB01
A201: XHIPBB01 | B201: HICKORY | C201: 0.5 | D201: 1265 | E201: 2520 | F201: FACE | G201: PC | H201: B All Heart | I201: BM | K201: Pcs | L201: 48-自贴 | M201: =RIGHT(A201,8) -> XHIPBB01
A202: RG-XHIPBB02 | B202: HICKORY | C202: 0.5 | D202: 1265 | E202: 2520 | F202: FACE | G202: PC | H202: B Calico | I202: BM | K202: Pcs | L202: 48-自贴 | M202: =RIGHT(A202,8) -> XHIPBB02
A203: XHIPBB02 | B203: HICKORY | C203: 0.5 | D203: 1265 | E203: 2520 | F203: FACE | G203: PC | H203: B Calico | I203: BM | K203: Pcs | L203: 48-自贴 | M203: =RIGHT(A203,8) -> XHIPBB02
... A370: XROPM101 | B370: R.OAK | C370: 0.5 | D370: 1265 | E370: 2520 | F370: BACK | G370: PC | H370: #1 | I370: MPF | K370: Pcs | L370: 48-自贴 | M370: =RIGHT(A370,8) -> XROPM101
A371: RG-XROPM102 | B371: R.OAK | C371: 0.5 | D371: 1265 | E371: 3100 | F371: Back | G371: PC | H371: #1 | I371: MPF | J371: FSC CW | K371: Pcs | L371: 48-自贴 | M371: =RIGHT(A371,8) -> XROPM102
A372: XROPM102 | B372: R.OAK | C372: 0.5 | D372: 1265 | E372: 3100 | F372: Back | G372: PC | H372: #1 | I372: MPF | J372: FSC CW | K372: Pcs | L372: 48-自贴 | M372: =RIGHT(A372,8) -> XROPM102
A373: RG-XROPM103 | B373: R.OAK | C373: 0.5 | D373: 965 | E373: 3100 | F373: back | G373: PC | H373: #1 | I373: MPF | K373: Pcs | L373: COM-door | M373: =RIGHT(A373,8) -> XROPM103
A374: XROPM103 | B374: R.OAK | C374: 0.5 | D374: 965 | E374: 3100 | F374: back | G374: PC | H374: #1 | I374: MPF | K374: Pcs | L374: COM-door | M374: =RIGHT(A374,8) -> XROPM103
A375: RG-XROPS101 | B375: R.OAK | C375: 0.5 | D375: 1265 | E375: 2520 | F375: Back | G375: PC | H375: #1 | I375: SM | K375: Pcs | L375: 48-自贴 | M375: =RIGHT(A375,8) -> XROPS101
A376: XROPS101 | B376: R.OAK | C376: 0.5 | D376: 1265 | E376: 2520 | F376: Back | G376: PC | H376: #1 | I376: SM | K376: Pcs | L376: 48-自贴 | M376: =RIGHT(A376,8) -> XROPS101
A377: RG-XROPB203 | B377: R.OAK | C377: 0.5 | D377: 1265 | E377: 2520 | F377: Back | G377: PC | H377: #2 | I377: BM | J377: FSC CW | K377: Pcs | L377: 48-自贴 | M377: =RIGHT(A377,8) -> XROPB203
A378: XROPB203 | B378: R.OAK | C378: 0.5 | D378: 1265 | E378: 2520 | F378: Back | G378: PC | H378: #2 | I378: BM | J378: FSC CW | K378: Pcs | L378: 48-自贴 | M378: =RIGHT(A378,8) -> XROPB203
A379: RG-XROPB202 | B379: R.OAK | C379: 0.5 | D379: 1265 | E379: 3100 | F379: Back | G379: PC | H379: #2 | I379: BM | J379: FSC CW | K379: Pcs | L379: 48-自贴 | M379: =RIGHT(A379,8) -> XROPB202
A380: XROPB202 | B380: R.OAK | C380: 0.5 | D380: 1265 | E380: 3100 | F380: Back | G380: PC | H380: #2 | I380: BM | J380: FSC CW | K380: Pcs | L380: 48-自贴 | M380: =RIGHT(A380,8) -> XROPB202
A381: RG-XROPM201 | B381: R.OAK | C381: 0.5 | D381: 1265 | E381: 2520 | F381: BACK | G381: PC | H381: #2 | I381: MPF | K381: Pcs | L381: 48-自贴 | M381: =RIGHT(A381,8) -> XROPM201
A382: XROPM201 | B382: R.OAK | C382: 0.5 | D382: 1265 | E382: 2520 | F382: BACK | G382: PC | H382: #2 | I382: MPF | K382: Pcs | L382: 48-自贴 | M382: =RIGHT(A382,8) -> XROPM201
A383: KROPZ201 | B383: R.OAK | C383: 0.5 | D383: 50 | E383: 99 | F383: 0 | G383: PC | H383: #2 SOUND No sap | I383: Z | J383: FSC CW | K383: Pcs | L383: 48-出口 | M383: =RIGHT(A383,8) -> KROPZ201
A384: RG-KROPZ201 | B384: R.OAK | C384: 0.5 | D384: 50 | E384: 99 | F384: 0 | G384: PC | H384: #2 SOUND No sap | I384: Z | K384: Pcs | L384: 48-出口 | M384: =RIGHT(A384,8) -> KROPZ201
A385: RG-XROPM401 | B385: R.OAK | C385: 0.5 | D385: 1265 | E385: 2520 | F385: BACK | G385: PC | H385: #4 | I385: MPF | K385: Pcs | L385: 48-自贴 | M385: =RIGHT(A385,8) -> XROPM401
A386: XROPM401 | B386: R.OAK | C386: 0.5 | D386: 1265 | E386: 2520 | F386: BACK | G386: PC | H386: #4 | I386: MPF | K386: Pcs | L386: 48-自贴 | M386: =RIGHT(A386,8) -> XROPM401
A387: KROPBA01 | B387: R.OAK | C387: 0.5 | D387: 38 | E387: 87 | F387: Face | G387: PC | H387: A | I387: BM | J387: FSC CW | K387: Pcs | L387: 48-出口 | M387: =RIGHT(A387,8) -> KROPBA01
A388: KROPBA02 | B388: R.OAK | C388: 0.5 | D388: 38 | E388: 99 | F388: Face | G388: PC | H388: A | I388: BM | J388: FSC CW | K388: Pcs | L388: 48-出口 | M388: =RIGHT(A388,8) -> KROPBA02
A389: KROPBA03 | B389: R.OAK | C389: 0.5 | D389: 50 | E389: 99 | F389: 0 | G389: PC | H389: A | I389: BM | J389: FSC CW | K389: Pcs | L389: 48-出口 | M389: =RIGHT(A389,8) -> KROPBA03
A390: KROPBA04 | B390: R.OAK | C390: 0.5 | D390: 50 | E390: 123 | F390: 0 | G390: PC | H390: A | I390: BM | J390: FSC CW | K390: Pcs | L390: 48-出口 | M390: =RIGHT(A390,8) -> KROPBA04
A391: RG-XROPBA01 | B391: R.OAK | C391: 0.5 | D391: 1265 | E391: 2520 | F391: FACE | G391: PC | H391: A | I391: BM | K391: Pcs | L391: 48-自贴 | M391: =RIGHT(A391,8) -> XROPBA01
A392: RG-XROPBA14 | B392: R.OAK | C392: 0.5 | D392: 1265 | E392: 2520 | F392: Face | G392: PC | H392: A | I392: BM | J392: FSC CW | K392: Pcs | L392: 48-自贴 | M392: =RIGHT(A392,8) -> XROPBA14
A393: XROPBA01 | B393: R.OAK | C393: 0.5 | D393: 1265 | E393: 2520 | F393: FACE | G393: PC | H393: A | I393: BM | K393: Pcs | L393: 48-自贴 | M393: =RIGHT(A393,8) -> XROPBA01
A394: XROPBA14 | B394: R.OAK | C394: 0.5 | D394: 1265 | E394: 2520 | F394: Face | G394: PC | H394: A | I394: BM | J394: FSC CW | K394: Pcs | L394: 48-自贴 | M394: =RIGHT(A394,8) -> XROPBA14
A395: RG-XROPBA13 | B395: R.OAK | C395: 0.5 | D395: 1265 | E395: 3100 | F395: Face | G395: PC | H395: A | I395: BM | J395: FSC CW | K395: Pcs | L395: 48-自贴 | M395: =RIGHT(A395,8) -> XROPBA13
A396: XROPBA13 | B396: R.OAK | C396: 0.5 | D396: 1265 | E396: 3100 | F396: Face | G396: PC | H396: A | I396: BM | J396: FSC CW | K396: Pcs | L396: 48-自贴 | M396: =RIGHT(A396,8) -> XROPBA13
A397: RG-XROPBA02 | B397: R.OAK | C397: 0.5 | D397: 1265 | E397: 2520 | F397: FACE | G397: PC | H397: A SQ&N | I397: BM | K397: Pcs | L397: 48-自贴 | M397: =RIGHT(A397,8) -> XROPBA02
A398: XROPBA02 | B398: R.OAK | C398: 0.5 | D398: 1265 | E398: 2520 | F398: FACE | G398: PC | H398: A SQ&N | I398: BM | K398: Pcs | L398: 48-自贴 | M398: =RIGHT(A398,8) -> XROPBA02
A399: KROPBA05 | B399: R.OAK | C399: 0.5 | D399: 50 | E399: 99 | F399: 0 | G399: PC | H399: AA | I399: BM | J399: FSC CW | K399: Pcs | L399: 48-出口 | M399: =RIGHT(A399,8) -> KROPBA05
A400: KROPBB01 | B400: R.OAK | C400: 0.5 | D400: 50 | E400: 99 | F400: 0 | G400: PC | H400: B | I400: BM | J400: FSC CW | K400: Pcs | L400: 48-出口 | M400: =RIGHT(A400,8) -> KROPBB01
A401: RG-XROPBB01 | B401: R.OAK | C401: 0.5 | D401: 1265 | E401: 2520 | F401: FACE | G401: PC | H401: B | I401: BM | K401: Pcs | L401: 48-自贴 | M401: =RIGHT(A401,8) -> XROPBB01
A402: XROPBB01 | B402: R.OAK | C402: 0.5 | D402: 1265 | E402: 2520 | F402: FACE | G402: PC | H402: B | I402: BM | K402: Pcs | L402: 48-自贴 | M402: =RIGHT(A402,8) -> XROPBB01
A403: RG-XROPSB01 | B403: R.OAK | C403: 0.5 | D403: 1265 | E403: 2520 | F403: FACE | G403: PC | H403: B | I403: SM | K403: Pcs | L403: 48-自贴 | M403: =RIGHT(A403,8) -> XROPSB01
A404: XROPSB01 | B404: R.OAK | C404: 0.5 | D404: 1265 | E404: 2520 | F404: FACE | G404: PC | H404: B | I404: SM | K404: Pcs | L404: 48-自贴 | M404: =RIGHT(A404,8) -> XROPSB01
A405: RG-XROPBC01 | B405: R.OAK | C405: 0.5 | D405: 1265 | E405: 2520 | F405: FACE | G405: PC | H405: C | I405: BM | K405: Pcs | L405: 48-自贴 | M405: =RIGHT(A405,8) -> XROPBC01
A406: XROPBC01 | B406: R.OAK | C406: 0.5 | D406: 1265 | E406: 2520 | F406: FACE | G406: PC | H406: C | I406: BM | K406: Pcs | L406: 48-自贴 | M406: =RIGHT(A406,8) -> XROPBC01
A407: RG-XROPSC01 | B407: R.OAK | C407: 0.5 | D407: 1265 | E407: 2520 | F407: FACE | G407: PC | H407: C | I407: SM | K407: Pcs | L407: 48-自贴 | M407: =RIGHT(A407,8) -> XROPSC01
A408: XROPSC01 | B408: R.OAK | C408: 0.5 | D408: 1265 | E408: 2520 | F408: FACE | G408: PC | H408: C | I408: SM | K408: Pcs | L408: 48-自贴 | M408: =RIGHT(A408,8) -> XROPSC01
A409: RG-XROPBA05 | B409: R.OAK | C409: 0.5 | D409: 965 | E409: 2200 | F409: FACE | G409: PC | H409: Door A | I409: BM | K409: Pcs | L409: COM-door | M409: =RIGHT(A409,8) -> XROPBA05
A410: RG-XROPBA15 | B410: R.OAK | C410: 0.5 | D410: 660 | E410: 2200 | F410: FACE | G410: PC | H410: Door A | I410: BM | K410: Pcs | L410: COM-door | M410: =RIGHT(A410,8) -> XROPBA15
A411: RG-XROPBA17 | B411: R.OAK | C411: 0.5 | D411: 765 | E411: 2200 | F411: FACE | G411: PC | H411: Door A | I411: BM | K411: Pcs | L411: COM-door | M411: =RIGHT(A411,8) -> XROPBA17
A412: RG-XROPBA18 | B412: R.OAK | C412: 0.5 | D412: 815 | E412: 2200 | F412: FACE | G412: PC | H412: Door A | I412: BM | K412: Pcs | L412: COM-door | M412: =RIGHT(A412,8) -> XROPBA18
... A440: XROPBA09 | B440: R.OAK | C440: 0.5 | D440: 965 | E440: 2520 | F440: FACE | G440: PC | H440: Door AB | I440: BM | K440: Pcs | L440: COM-door | M440: =RIGHT(A440,8) -> XROPBA09
A441: KROPZS01 | B441: R.OAK | C441: 0.5 | D441: 50 | E441: 123 | F441: 0 | G441: PC | H441: SOUND No Sap | I441: Z | J441: FSC CW | K441: Pcs | L441: 48-出口 | M441: =RIGHT(A441,8) -> KROPZS01
A442: XROPZW09 | B442: R.OAK | C442: 0.5 | D442: 1265 | E442: 2520 | F442: Z | G442: PC | H442: WF | I442: Z | K442: Pcs | L442: 48-自贴 | M442: =RIGHT(A442,8) -> XROPZW09
...

Sheet M2
A1: Code 编码 | B1: Species 树种 | C1: V-THI 厚度 | D1: Width 宽(mm) | E1: Length长(mm) | F1: F/B 面底 | G1: Cut 纹理 | H1: Grade 等级 | I1: Mat. 拼接 | J1: FSC | K1: Unit 单位 | L1: Name
A2: XWAPZA09 | B2: Walnut | C2: 0.42 | D2: NON | E2: 2500 | F2: Z | G2: PC | H2: P AA | I2: Z | K2: M2 | L2: =B2&" "&C2&"x"&D2&"x"&E2&"mm "&H2&" "&G2&" "&I2 -> Walnut 0.42xNONx2500mm P AA PC Z | M2: ALDER 0.5mm 1265x2520 Grade#1 Rustic PC PM
A3: XWAPZA10 | B3: Walnut | C3: 0.42 | D3: NON | E3: 2500 | F3: Z | G3: PC | H3: PA | I3: Z | K3: M2 | L3: =B3&" "&C3&"x"&D3&"x"&E3&"mm "&H3&" "&G3&" "&I3 -> Walnut 0.42xNONx2500mm PA PC Z
A4: XWAPZJ02 | B4: Walnut | C4: 0.42 | D4: NON | E4: 2500 | F4: Z | G4: PC | H4: PT J8 | I4: Z | K4: M2 | L4: =B4&" "&C4&"x"&D4&"x"&E4&"mm "&H4&" "&G4&" "&I4 -> Walnut 0.42xNONx2500mm PT J8 PC Z
A5: XWAPZJ01 | B5: Walnut | C5: 0.5 | D5: NON | E5: 2500 | F5: Z | G5: PC | H5: PT J8 | I5: Z | K5: M2 | L5: =B5&" "&C5&"x"&D5&"x"&E5&"mm "&H5&" "&G5&" "&I5 -> Walnut 0.5xNONx2500mm PT J8 PC Z
A6: XBEPZB02 | B6: BEECH | C6: 0.5 | D6: NON | E6: Natural | F6: Z | G6: Z | H6: Z | I6: Z | K6: m2 | L6: =B6&" "&C6&"x"&D6&"x"&E6&"mm "&H6&" "&G6&" "&I6 -> BEECH 0.5xNONxNaturalmm Z Z Z
A7: XCEPZA01 | B7: CEDAR | C7: 0.5 | D7: NON | E7: 2500 | F7: Z | G7: PC | H7: A | I7: Z | K7: m2 | L7: =B7&" "&C7&"x"&D7&"x"&E7&"mm "&H7&" "&G7&" "&I7 -> CEDAR 0.5xNONx2500mm A PC Z
A8: YCHPA801 | B8: CHERRY | C8: 0.4 | D8: NON | E8: 2500 | F8: Z | G8: PC | H8: PA | K8: M2 | L8: =B8&" "&C8&"x"&D8&"x"&E8&"mm "&H8&" "&G8&" "&I8 -> CHERRY 0.4xNONx2500mm PA PC
A9: XCHPZA02 | B9: CHERRY | C9: 0.42 | D9: NON | E9: 2500+ | F9: Z | G9: PC | H9: A | K9: m2 | L9: =B9&" "&C9&"x"&D9&"x"&E9&"mm "&H9&" "&G9&" "&I9 -> CHERRY 0.42xNONx2500+mm A PC
A10: XCHPZC01 | B10: CHERRY | C10: 0.45 | D10: NON | E10: 2550+ | F10: FACE | G10: PC | H10: C | K10: m2 | L10: =B10&" "&C10&"x"&D10&"x"&E10&"mm "&H10&" "&G10&" "&I10 -> CHERRY 0.45xNONx2550+mm C PC
A11: XCHPZC02 | B11: CHERRY | C11: 0.45 | D11: NON | E11: 2500+ | F11: Z | G11: PC | H11: C | K11: m2 | L11: =B11&" "&C11&"x"&D11&"x"&E11&"mm "&H11&" "&G11&" "&I11 -> CHERRY 0.45xNONx2500+mm C PC
A12: XCHPZB02 | B12: CHERRY | C12: 0.5 | D12: NON | E12: 2500+ | F12: Z | G12: PC | H12: B | K12: m2 | L12: =B12&" "&C12&"x"&D12&"x"&E12&"mm "&H12&" "&G12&" "&I12 -> CHERRY 0.5xNONx2500+mm B PC
A13: XCHPZC03 | B13: CHERRY | C13: 0.5 | D13: NON | E13: 2500+ | F13: Z | G13: PC | H13: C | K13: m2 | L13: =B13&" "&C13&"x"&D13&"x"&E13&"mm "&H13&" "&G13&" "&I13 -> CHERRY 0.5xNONx2500+mm C PC
A14: XROPZA02 | B14: R.OAK | C14: 0.4 | D14: NON | E14: 2500+ | F14: Z | G14: PC | H14: 1A | I14: Z | J14: FSC CW | K14: m2 | L14: =B14&" "&C14&"x"&D14&"x"&E14&"mm "&H14&" "&G14&" "&I14 -> R.OAK 0.4xNONx2500+mm 1A PC Z
A15: XROPZA03 | B15: R.OAK | C15: 0.4 | D15: NON | E15: 2500+ | F15: Z | G15: PC | H15: 2A | I15: Z | J15: FSC CW | K15: m2 | L15: =B15&" "&C15&"x"&D15&"x"&E15&"mm "&H15&" "&G15&" "&I15 -> R.OAK 0.4xNONx2500+mm 2A PC Z
A16: YROPA802 | B16: R.OAK | C16: 0.4 | D16: NON | E16: 2500 | F16: Z | G16: PC | H16: PAA | I16: Z | J16: FSC CW | K16: M2 | L16: =B16&" "&C16&"x"&D16&"x"&E16&"mm "&H16&" "&G16&" "&I16 -> R.OAK 0.4xNONx2500mm PAA PC Z
A17: XROPZA04 | B17: R.OAK | C17: 0.4 | D17: NON | E17: 2500+ | F17: Z | G17: PC | H17: Panel A | I17: Z | K17: m2 | L17: =B17&" "&C17&"x"&D17&"x"&E17&"mm "&H17&" "&G17&" "&I17 -> R.OAK 0.4xNONx2500+mm Panel A PC Z
A18: XRORZA01 | B18: R.OAK | C18: 0.4 | D18: NON | E18: 2500+ | F18: Z | G18: RC | H18: Panel A | I18: Z | K18: m2 | L18: =B18&" "&C18&"x"&D18&"x"&E18&"mm "&H18&" "&G18&" "&I18 -> R.OAK 0.4xNONx2500+mm Panel A RC Z
A19: XROPZ201 | B19: R.OAK | C19: 0.45 | D19: NON | E19: 2500+ | F19: Z | G19: PC | H19: #2 | I19: Z | K19: m2 | L19: =B19&" "&C19&"x"&D19&"x"&E19&"mm "&H19&" "&G19&" "&I19 -> R.OAK 0.45xNONx2500+mm #2 PC Z
A20: XROPZB01 | B20: R.OAK | C20: 0.45 | D20: NON | E20: 2500+ | F20: Z | G20: PC | H20: B | I20: Z | K20: m2 | L20: =B20&" "&C20&"x"&D20&"x"&E20&"mm "&H20&" "&G20&" "&I20 -> R.OAK 0.45xNONx2500+mm B PC Z
A21: XROPZZ01 | B21: R.OAK | C21: 0.45 | D21: NON | E21: 2550+ | F21: Face | G21: PC | H21: Z | I21: Z | K21: m2 | L21: =B21&" "&C21&"x"&D21&"x"&E21&"mm "&H21&" "&G21&" "&I21 -> R.OAK 0.45xNONx2550+mm Z PC Z
A22: XROPZ202 | B22: R.OAK | C22: 0.5 | D22: NON | E22: 2500+ | F22: Z | G22: PC | H22: #2 | I22: Z | K22: m2 | L22: =B22&" "&C22&"x"&D22&"x"&E22&"mm "&H22&" "&G22&" "&I22 -> R.OAK 0.5xNONx2500+mm #2 PC Z
A23: XROPZA01 | B23: R.OAK | C23: 0.5 | D23: NON | E23: 2500+ | F23: Z | G23: PC | H23: A | I23: Z | K23: m2 | L23: =B23&" "&C23&"x"&D23&"x"&E23&"mm "&H23&" "&G23&" "&I23 -> R.OAK 0.5xNONx2500+mm A PC Z
A24: XROPZB02 | B24: R.OAK | C24: 0.5 | D24: NON | E24: 2500+ | F24: Z | G24: PC | H24: B | I24: Z | K24: m2 | L24: =B24&" "&C24&"x"&D24&"x"&E24&"mm "&H24&" "&G24&" "&I24 -> R.OAK 0.5xNONx2500+mm B PC Z
A25: YROPA801 | B25: R.OAK | C25: 0.5 | D25: NON | E25: 2500 | F25: Z | G25: PC | H25: PAA | I25: Z | J25: FSC CW | K25: M2 | L25: =B25&" "&C25&"x"&D25&"x"&E25&"mm "&H25&" "&G25&" "&I25 -> R.OAK 0.5xNONx2500mm PAA PC Z
A26: XROFZZ01 | B26: R.OAK | C26: 0.5 | D26: NON | E26: 2500/3500 | F26: Z | G26: Rift | H26: Z | I26: Z | K26: m2 | L26: =B26&" "&C26&"x"&D26&"x"&E26&"mm "&H26&" "&G26&" "&I26 -> R.OAK 0.5xNONx2500/3500mm Z Rift Z
A27: XASPZB02 | B27: W.ASH | C27: 0.5 | D27: NON | E27: Natural | F27: Z | G27: Z | H27: Z | I27: Z | K27: m2 | L27: =B27&" "&C27&"x"&D27&"x"&E27&"mm "&H27&" "&G27&" "&I27 -> W.ASH 0.5xNONxNaturalmm Z Z Z
A28: XWBRZZ01 | B28: W.BIRCH | C28: 0.5 | D28: NON | E28: 2200/2500 | F28: Z | G28: RC | H28: Z | I28: Z | K28: m2 | L28: =B28&" "&C28&"x"&D28&"x"&E28&"mm "&H28&" "&G28&" "&I28 -> W.BIRCH 0.5xNONx2200/2500mm Z RC Z
A29: XWMRZ301 | B29: W.MAPLE | C29: 0.4 | D29: NON | E29: 2500 | F29: Z | G29: RC | H29: #3 SPL | I29: Z | J29: FSC CW | K29: m2 | L29: =B29&" "&C29&"x"&D29&"x"&E29&"mm "&H29&" "&G29&" "&I29 -> W.MAPLE 0.4xNONx2500mm #3 SPL RC Z
A30: XWMPZA31 | B30: W.MAPLE | C30: 0.5 | D30: NON | E30: 2250/2500 | F30: Z | G30: PC | H30: Door A | I30: Z | J30: FSC CW | K30: m2 | L30: =B30&" "&C30&"x"&D30&"x"&E30&"mm "&H30&" "&G30&" "&I30 -> W.MAPLE 0.5xNONx2250/2500mm Door A PC Z
A31: XWMPZA32 | B31: W.MAPLE | C31: 0.5 | D31: NON | E31: 2250/2500 | F31: Z | G31: PC | H31: Door AB | I31: Z | J31: FSC CW | K31: m2 | L31: =B31&" "&C31&"x"&D31&"x"&E31&"mm "&H31&" "&G31&" "&I31 -> W.MAPLE 0.5xNONx2250/2500mm Door AB PC Z
A32: XWMPZB31 | B32: W.MAPLE | C32: 0.5 | D32: NON | E32: 2250/2500 | F32: Z | G32: PC | H32: Door B | I32: Z | J32: FSC CW | K32: m2 | L32: =B32&" "&C32&"x"&D32&"x"&E32&"mm "&H32&" "&G32&" "&I32 -> W.MAPLE 0.5xNONx2250/2500mm Door B PC Z
A33: XWMPZA33 | B33: W.MAPLE | C33: 0.5 | D33: NON | E33: 2250/3050 | F33: Z | G33: PC | H33: Panel A | I33: Z | J33: FSC CW | K33: m2 | L33: =B33&" "&C33&"x"&D33&"x"&E33&"mm "&H33&" "&G33&" "&I33 -> W.MAPLE 0.5xNONx2250/3050mm Panel A PC Z
A34: XWMPZA36 | B34: W.MAPLE | C34: 0.5 | D34: NON | E34: 2250/3050 | F34: Z | G34: PC | H34: Panel AA | I34: Z | J34: FSC CW | K34: m2 | L34: =B34&" "&C34&"x"&D34&"x"&E34&"mm "&H34&" "&G34&" "&I34 -> W.MAPLE 0.5xNONx2250/3050mm Panel AA PC Z
A35: XWMPZA35 | B35: W.MAPLE | C35: 0.5 | D35: NON | E35: 2250/3050 | F35: Z | G35: PC | H35: Panel AB | I35: Z | J35: FSC CW | K35: m2 | L35: =B35&" "&C35&"x"&D35&"x"&E35&"mm "&H35&" "&G35&" "&I35 -> W.MAPLE 0.5xNONx2250/3050mm Panel AB PC Z
A36: XWMPZB32 | B36: W.MAPLE | C36: 0.5 | D36: NON | E36: 2250/3050 | F36: Z | G36: PC | H36: Panel B | I36: Z | J36: FSC CW | K36: m2 | L36: =B36&" "&C36&"x"&D36&"x"&E36&"mm "&H36&" "&G36&" "&I36 -> W.MAPLE 0.5xNONx2250/3050mm Panel B PC Z
A37: XWOQZA02 | B37: W.OAK | C37: 0.4 | D37: NON | E37: 2550+ | F37: Face | G37: QC | H37: Panel A | I37: Z | J37: FSC CW | K37: m2 | L37: =B37&" "&C37&"x"&D37&"x"&E37&"mm "&H37&" "&G37&" "&I37 -> W.OAK 0.4xNONx2550+mm Panel A QC Z
A38: YWOFA802 | B38: W.OAK | C38: 0.4 | D38: NON | E38: 2500 | F38: Z | G38: RIFT | H38: PAA | I38: Z | K38: m2 | L38: =B38&" "&C38&"x"&D38&"x"&E38&"mm "&H38&" "&G38&" "&I38 -> W.OAK 0.4xNONx2500mm PAA RIFT Z
A39: YWOFA803 | B39: W.OAK | C39: 0.4 | D39: NON | E39: 2500 | F39: Z | G39: RIFT | H39: PA | I39: Z | K39: m2 | L39: =B39&" "&C39&"x"&D39&"x"&E39&"mm "&H39&" "&G39&" "&I39 -> W.OAK 0.4xNONx2500mm PA RIFT Z
A40: YWOFA804 | B40: W.OAK | C40: 0.4 | D40: NON | E40: 2500 | F40: Z | G40: RIFT | H40: PAB | I40: Z | K40: m2 | L40: =B40&" "&C40&"x"&D40&"x"&E40&"mm "&H40&" "&G40&" "&I40 -> W.OAK 0.4xNONx2500mm PAB RIFT Z
A41: XWOFZB03 | B41: W.OAK | C41: 0.4 | D41: NON | E41: 2500+ | F41: Z | G41: Rift | H41: Panel AB | I41: Z | K41: m2 | L41: =B41&" "&C41&"x"&D41&"x"&E41&"mm "&H41&" "&G41&" "&I41 -> W.OAK 0.4xNONx2500+mm Panel AB Rift Z
A42: XWOFZA06 | B42: W.OAK | C42: 0.4 | D42: NON | E42: 2500+ | F42: Z | G42: Rift | H42: Panel A | I42: Z | K42: m2 | L42: =B42&" "&C42&"x"&D42&"x"&E42&"mm "&H42&" "&G42&" "&I42 -> W.OAK 0.4xNONx2500+mm Panel A Rift Z
A43: XWOFZA05 | B43: W.OAK | C43: 0.4 | D43: NON | E43: 2500+ | F43: Z | G43: Rift | H43: Panel AA | I43: Z | K43: m2 | L43: =B43&" "&C43&"x"&D43&"x"&E43&"mm "&H43&" "&G43&" "&I43 -> W.OAK 0.4xNONx2500+mm Panel AA Rift Z
A44: YWOFB802 | B44: W.OAK | C44: 0.4 | D44: NON | E44: 2500 | F44: Z | G44: RIFT | H44: PB | I44: Z | K44: M2 | L44: =B44&" "&C44&"x"&D44&"x"&E44&"mm "&H44&" "&G44&" "&I44 -> W.OAK 0.4xNONx2500mm PB RIFT Z
A45: XWOFZA08 | B45: W.OAK | C45: 0.42 | D45: NON | E45: 2500 | F45: Z | G45: RIFT | H45: Z | I45: PA | K45: M2 | L45: =B45&" "&C45&"x"&D45&"x"&E45&"mm "&H45&" "&G45&" "&I45 -> W.OAK 0.42xNONx2500mm Z RIFT PA
A46: XWOFZB05 | B46: W.OAK | C46: 0.42 | D46: NON | E46: 2500 | F46: Z | G46: RIFT | H46: Z | I46: PB | K46: M2 | L46: =B46&" "&C46&"x"&D46&"x"&E46&"mm "&H46&" "&G46&" "&I46 -> W.OAK 0.42xNONx2500mm Z RIFT PB
A47: XWOPZ101 | B47: W.OAK | C47: 0.45 | D47: NON | E47: 2500+ | F47: Z | G47: PC | H47: #1 | I47: Z | K47: m2 | L47: =B47&" "&C47&"x"&D47&"x"&E47&"mm "&H47&" "&G47&" "&I47 -> W.OAK 0.45xNONx2500+mm #1 PC Z
A48: XWOPZ203 | B48: W.OAK | C48: 0.45 | D48: NON | E48: 2500+ | F48: Z | G48: PC | H48: #2 | I48: Z | K48: m2 | L48: =B48&" "&C48&"x"&D48&"x"&E48&"mm "&H48&" "&G48&" "&I48 -> W.OAK 0.45xNONx2500+mm #2 PC Z
A49: XWOPZB02 | B49: W.OAK | C49: 0.45 | D49: NON | E49: 2500+ | F49: Z | G49: PC | H49: B | I49: Z | K49: m2 | L49: =B49&" "&C49&"x"&D49&"x"&E49&"mm "&H49&" "&G49&" "&I49 -> W.OAK 0.45xNONx2500+mm B PC Z
A50: XWOQZZ01 | B50: W.OAK | C50: 0.45 | D50: NON | E50: 2550+ | F50: Back | G50: QC | H50: Z | I50: Z | K50: m2 | L50: =B50&" "&C50&"x"&D50&"x"&E50&"mm "&H50&" "&G50&" "&I50 -> W.OAK 0.45xNONx2550+mm Z QC Z
A51: XWOFZ203 | B51: W.OAK | C51: 0.45 | D51: NON | E51: 2500+ | F51: Z | G51: Rift | H51: #2 | I51: Z | K51: m2 | L51: =B51&" "&C51&"x"&D51&"x"&E51&"mm "&H51&" "&G51&" "&I51 -> W.OAK 0.45xNONx2500+mm #2 Rift Z
A52: XWOFZB02 | B52: W.OAK | C52: 0.45 | D52: NON | E52: 2500+ | F52: Z | G52: Rift | H52: B | I52: Z | K52: m2 | L52: =B52&" "&C52&"x"&D52&"x"&E52&"mm "&H52&" "&G52&" "&I52 -> W.OAK 0.45xNONx2500+mm B Rift Z
A53: XWOPZ202 | B53: W.OAK | C53: 0.5 | D53: NON | E53: 2500+ | F53: Z | G53: PC | H53: #2 | I53: Z | K53: m2 | L53: =B53&" "&C53&"x"&D53&"x"&E53&"mm "&H53&" "&G53&" "&I53 -> W.OAK 0.5xNONx2500+mm #2 PC Z
A54: XWOPZA04 | B54: W.OAK | C54: 0.5 | D54: NON | E54: 2500+ | F54: Z | G54: PC | H54: A | I54: Z | K54: m2 | L54: =B54&" "&C54&"x"&D54&"x"&E54&"mm "&H54&" "&G54&" "&I54 -> W.OAK 0.5xNONx2500+mm A PC Z
A55: XWOPZA03 | B55: W.OAK | C55: 0.5 | D55: NON | E55: 2500+ | F55: Z | G55: PC | H55: AAA | I55: Z | K55: m2 | L55: =B55&" "&C55&"x"&D55&"x"&E55&"mm "&H55&" "&G55&" "&I55 -> W.OAK 0.5xNONx2500+mm AAA PC Z
A56: XWOPZA11 | B56: W.OAK | C56: 0.5 | D56: NON | E56: 2550+ | F56: Z | G56: PC | H56: AB | I56: Z | K56: m2 | L56: =B56&" "&C56&"x"&D56&"x"&E56&"mm "&H56&" "&G56&" "&I56 -> W.OAK 0.5xNONx2550+mm AB PC Z
A57: XWOPZB03 | B57: W.OAK | C57: 0.5 | D57: NON | E57: 2500+ | F57: Z | G57: PC | H57: B | I57: Z | J57: FSC CW | K57: m2 | L57: =B57&" "&C57&"x"&D57&"x"&E57&"mm "&H57&" "&G57&" "&I57 -> W.OAK 0.5xNONx2500+mm B PC Z
A58: XWOPZA02 | B58: W.OAK | C58: 0.5 | D58: NON | E58: 2550+ | F58: Face | G58: PC | H58: Panel A | I58: Z | J58: FSC CW | K58: m2 | L58: =B58&" "&C58&"x"&D58&"x"&E58&"mm "&H58&" "&G58&" "&I58 -> W.OAK 0.5xNONx2550+mm Panel A PC Z
A59: XWOPZA31 | B59: W.OAK | C59: 0.5 | D59: NON | E59: 2250/3050 | F59: Z | G59: PC | H59: Panel A | I59: Z | J59: FSC CW | K59: m2 | L59: =B59&" "&C59&"x"&D59&"x"&E59&"mm "&H59&" "&G59&" "&I59 -> W.OAK 0.5xNONx2250/3050mm Panel A PC Z
A60: XWOPZA32 | B60: W.OAK | C60: 0.5 | D60: NON | E60: 2250/3050 | F60: Z | G60: PC | H60: Panel AB | I60: Z | J60: FSC CW | K60: m2 | L60: =B60&" "&C60&"x"&D60&"x"&E60&"mm "&H60&" "&G60&" "&I60 -> W.OAK 0.5xNONx2250/3050mm Panel AB PC Z
A61: XWOPZA05 | B61: W.OAK | C61: 0.5 | D61: NON | E61: 2500 | F61: Z | G61: PC | H61: Z | I61: P AA | J61: FSC CW | K61: M2 | L61: =B61&" "&C61&"x"&D61&"x"&E61&"mm "&H61&" "&G61&" "&I61 -> W.OAK 0.5xNONx2500mm Z PC P AA
A62: XWOPZJ01 | B62: W.OAK | C62: 0.5 | D62: NON | E62: 2500 | F62: Z | G62: PC | H62: Z | I62: PT J8 | J62: FSC CW | K62: M2 | L62: =B62&" "&C62&"x"&D62&"x"&E62&"mm "&H62&" "&G62&" "&I62 -> W.OAK 0.5xNONx2500mm Z PC PT J8
A63: XWOPZZ01 | B63: W.OAK | C63: 0.5 | D63: NON | E63: 2500/3500 | F63: Z | G63: PC | H63: Z | I63: Z | K63: m2 | L63: =B63&" "&C63&"x"&D63&"x"&E63&"mm "&H63&" "&G63&" "&I63 -> W.OAK 0.5xNONx2500/3500mm Z PC Z
A64: XWOQZA04 | B64: W.OAK | C64: 0.5 | D64: NON | E64: 2550+ | F64: Face | G64: QC | H64: Panel A | I64: Z | J64: FSC CW | K64: m2 | L64: =B64&" "&C64&"x"&D64&"x"&E64&"mm "&H64&" "&G64&" "&I64 -> W.OAK 0.5xNONx2550+mm Panel A QC Z
A65: XWOQZA03 | B65: W.OAK | C65: 0.5 | D65: NON | E65: 2550+ | F65: Face | G65: QC | H65: Panel AA | I65: Z | J65: FSC CW | K65: m2 | L65: =B65&" "&C65&"x"&D65&"x"&E65&"mm "&H65&" "&G65&" "&I65 -> W.OAK 0.5xNONx2550+mm Panel AA QC Z
A66: XWOFZ101 | B66: W.OAK | C66: 0.5 | D66: NON | E66: 2500+ | F66: Z | G66: Rift | H66: #1 | I66: Z | K66: m2 | L66: =B66&" "&C66&"x"&D66&"x"&E66&"mm "&H66&" "&G66&" "&I66 -> W.OAK 0.5xNONx2500+mm #1 Rift Z
A67: XWOFZ202 | B67: W.OAK | C67: 0.5 | D67: NON | E67: 2500+ | F67: Z | G67: Rift | H67: #2 | I67: Z | K67: m2 | L67: =B67&" "&C67&"x"&D67&"x"&E67&"mm "&H67&" "&G67&" "&I67 -> W.OAK 0.5xNONx2500+mm #2 Rift Z
A68: XWOFZA02 | B68: W.OAK | C68: 0.5 | D68: NON | E68: 2550+ | F68: Face | G68: Rift | H68: A | I68: Z | J68: FSC CW | K68: m2 | L68: =B68&" "&C68&"x"&D68&"x"&E68&"mm "&H68&" "&G68&" "&I68 -> W.OAK 0.5xNONx2550+mm A Rift Z
A69: XWOFZA04 | B69: W.OAK | C69: 0.5 | D69: NON | E69: 2500+ | F69: Z | G69: Rift | H69: A | I69: Z | K69: m2 | L69: =B69&" "&C69&"x"&D69&"x"&E69&"mm "&H69&" "&G69&" "&I69 -> W.OAK 0.5xNONx2500+mm A Rift Z
A70: XWOFZA07 | B70: W.OAK | C70: 0.5 | D70: NON | E70: 2500+ | F70: Z | G70: Rift | H70: A+ | I70: Z | J70: FSC CW | K70: m2 | L70: =B70&" "&C70&"x"&D70&"x"&E70&"mm "&H70&" "&G70&" "&I70 -> W.OAK 0.5xNONx2500+mm A+ Rift Z
A71: XWOFZA03 | B71: W.OAK | C71: 0.5 | D71: NON | E71: 2500+ | F71: Z | G71: Rift | H71: AA | I71: Z | K71: m2 | L71: =B71&" "&C71&"x"&D71&"x"&E71&"mm "&H71&" "&G71&" "&I71 -> W.OAK 0.5xNONx2500+mm AA Rift Z
A72: XWOFZA12 | B72: W.OAK | C72: 0.5 | D72: NON | E72: 2550+ | F72: Z | G72: Rift | H72: AB | I72: Z | K72: m2 | L72: =B72&" "&C72&"x"&D72&"x"&E72&"mm "&H72&" "&G72&" "&I72 -> W.OAK 0.5xNONx2550+mm AB Rift Z
A73: YWOFA801 | B73: W.OAK | C73: 0.5 | D73: NON | E73: 2500 | F73: Z | G73: RIFT | H73: PAA | I73: Z | J73: FSC CW | K73: M2 | L73: =B73&" "&C73&"x"&D73&"x"&E73&"mm "&H73&" "&G73&" "&I73 -> W.OAK 0.5xNONx2500mm PAA RIFT Z
A74: XWOFZJ03 | B74: W.OAK | C74: 0.5 | D74: NON | E74: 2500/3500 | F74: Z | G74: RIFT | H74: PAJ10 | I74: Z | J74: FSC CW | K74: M2 | L74: =B74&" "&C74&"x"&D74&"x"&E74&"mm "&H74&" "&G74&" "&I74 -> W.OAK 0.5xNONx2500/3500mm PAJ10 RIFT Z
A75: YWOFB801 | B75: W.OAK | C75: 0.5 | D75: NON | E75: 2500 | F75: Z | G75: RIFT | H75: PB | I75: Z | J75: FSC CW | K75: M2 | L75: =B75&" "&C75&"x"&D75&"x"&E75&"mm "&H75&" "&G75&" "&I75 -> W.OAK 0.5xNONx2500mm PB RIFT Z
A76: YWOPA801 | B76: W.OAK | C76: 0.4 | D76: NON | E76: 2500 | F76: Z | G76: PC | H76: PA | I76: Z | K76: M2 | L76: =B76&" "&C76&"x"&D76&"x"&E76&"mm "&H76&" "&G76&" "&I76 -> W.OAK 0.4xNONx2500mm PA PC Z
A77: XWOFZJ02 | B77: W.OAK | C77: 0.5 | D77: NON | E77: 2500/3500 | F77: Z | G77: RIFT | H77: PT J10 | I77: Z | J77: FSC CW | K77: M2 | L77: =B77&" "&C77&"x"&D77&"x"&E77&"mm "&H77&" "&G77&" "&I77 -> W.OAK 0.5xNONx2500/3500mm PT J10 RIFT Z
A78: XWOFZB04 | B78: W.OAK | C78: 0.5 | D78: NON | E78: 2500 | F78: Z | G78: RIFT | H78: Z | I78: P B | J78: FSC CW | K78: M2 | L78: =B78&" "&C78&"x"&D78&"x"&E78&"mm "&H78&" "&G78&" "&I78 -> W.OAK 0.5xNONx2500mm Z RIFT P B
A79: XWOFZJ01 | B79: W.OAK | C79: 0.5 | D79: NON | E79: 2500 | F79: Z | G79: RIFT | H79: Z | I79: PT J8 | J79: FSC CW | K79: M2 | L79: =B79&" "&C79&"x"&D79&"x"&E79&"mm "&H79&" "&G79&" "&I79 -> W.OAK 0.5xNONx2500mm Z RIFT PT J8
A80: XWOFZZ01 | B80: W.OAK | C80: 0.5 | D80: NON | E80: 2500/3500 | F80: Z | G80: Rift | H80: Z | I80: Z | K80: m2 | L80: =B80&" "&C80&"x"&D80&"x"&E80&"mm "&H80&" "&G80&" "&I80 -> W.OAK 0.5xNONx2500/3500mm Z Rift Z
A81: XWOZZD01 | B81: W.OAK | C81: 0.5 | D81: NON | E81: Natural | F81: Face | G81: Z | H81: DR | I81: Z | K81: m2 | L81: =B81&" "&C81&"x"&D81&"x"&E81&"mm "&H81&" "&G81&" "&I81 -> W.OAK 0.5xNONxNaturalmm DR Z Z
A82: XWOZZE01 | B82: W.OAK | C82: 0.5 | D82: NON | E82: Natural | F82: Face | G82: Z | H82: EE | I82: Z | K82: m2 | L82: =B82&" "&C82&"x"&D82&"x"&E82&"mm "&H82&" "&G82&" "&I82 -> W.OAK 0.5xNONxNaturalmm EE Z Z
A83: XWOZZ101 | B83: W.OAK | C83: 0.5 | D83: NON | E83: Natural | F83: Face | G83: Z | H83: P-10 | I83: Z | K83: m2 | L83: =B83&" "&C83&"x"&D83&"x"&E83&"mm "&H83&" "&G83&" "&I83 -> W.OAK 0.5xNONxNaturalmm P-10 Z Z
A84: XWOZZA01 | B84: W.OAK | C84: 0.5 | D84: NON | E84: Natural | F84: Face | G84: Z | H84: P-AB | I84: Z | K84: m2 | L84: =B84&" "&C84&"x"&D84&"x"&E84&"mm "&H84&" "&G84&" "&I84 -> W.OAK 0.5xNONxNaturalmm P-AB Z Z
A85: XWAPZA04 | B85: Walnut | C85: 0.42 | D85: NON | E85: 2500+ | F85: Z | G85: PC | H85: A | I85: Z | K85: m2 | L85: =B85&" "&C85&"x"&D85&"x"&E85&"mm "&H85&" "&G85&" "&I85 -> Walnut 0.42xNONx2500+mm A PC Z
A86: XWAPZZ01 | B86: Walnut | C86: 0.45 | D86: NON | E86: 2550+ | F86: Z | G86: PC | H86: Back | I86: Z | K86: m2 | L86: =B86&" "&C86&"x"&D86&"x"&E86&"mm "&H86&" "&G86&" "&I86 -> Walnut 0.45xNONx2550+mm Back PC Z
A87: XWAPZ101 | B87: Walnut | C87: 0.5 | D87: NON | E87: 2500+ | F87: Z | G87: PC | H87: #1 | I87: Z | K87: m2 | L87: =B87&" "&C87&"x"&D87&"x"&E87&"mm "&H87&" "&G87&" "&I87 -> Walnut 0.5xNONx2500+mm #1 PC Z
A88: XWAPZ202 | B88: Walnut | C88: 0.5 | D88: NON | E88: 2500+ | F88: Z | G88: PC | H88: #2 | I88: Z | K88: m2 | L88: =B88&" "&C88&"x"&D88&"x"&E88&"mm "&H88&" "&G88&" "&I88 -> Walnut 0.5xNONx2500+mm #2 PC Z
A89: XWAPZA03 | B89: Walnut | C89: 0.5 | D89: NON | E89: 2500+ | F89: Z | G89: PC | H89: A | I89: Z | K89: m2 | L89: =B89&" "&C89&"x"&D89&"x"&E89&"mm "&H89&" "&G89&" "&I89 -> Walnut 0.5xNONx2500+mm A PC Z
A90: XWAPZA02 | B90: Walnut | C90: 0.5 | D90: NON | E90: 2500+ | F90: Z | G90: PC | H90: AA | I90: Z | K90: m2 | L90: =B90&" "&C90&"x"&D90&"x"&E90&"mm "&H90&" "&G90&" "&I90 -> Walnut 0.5xNONx2500+mm AA PC Z
A91: XWOFZA09 | B91: W.OAK | C91: 0.4 | D91: NON | E91: 2500+ | F91: Z | G91: RIFT | H91: AB | I91: Z | K91: m2 | L91: =B91&" "&C91&"x"&D91&"x"&E91&"mm "&H91&" "&G91&" "&I91 -> W.OAK 0.4xNONx2500+mm AB RIFT Z
... A96: XWMPZA01 | B96: W.MAPLE | C96: 0.4 | D96: NON | E96: 2500+ | F96: Z | G96: PC | H96: A | I96: Z | K96: m2 | L96: =B96&" "&C96&"x"&D96&"x"&E96&"mm "&H96&" "&G96&" "&I96 -> W.MAPLE 0.4xNONx2500+mm A PC Z
